FID,Field1,Site,site_code_,location_n,sample_col,lat,long,lat,long,gap_num_x,gap_size_x,gaps_x,depth_x,SOC,soil_lyrs_,layer_tops,calc_notes,CLAY,pGPP,estCLAY,TSOI,lig_N,DEM,SET
0,1,S1,RCCZO,Reynolds Creek CZO,Ryan Will,43.2441009,-116.7290508,43.2441009,-116.7290508,0,0,NA,30,1.733333333,4,"0,5,10,20,30,40,50,60,70,80,90", ,4.948333333,-186.3099976,12.3000002,10.9189997,11.6999998,1190.040039,CAL
98,100,S100,RCCZO,Reynolds Creek CZO,Ryan Will,43.06860611,-116.7899182,43.06860611,-116.7899182,0,0,NA,30,4.12,4,"0,5,10,20", ,19.7000008,946.7800293,19.7000008,9.6247797,46.7999992,2037.650024,VAL2
99,101,S101,RCCZO,Reynolds Creek CZO,Ryan Will,43.06860897,-116.7900028,43.06860897,-116.7900028,0,0,NA,30,5.07,4,"0,5,10,20", ,19.7000008,1020.729981,19.7000008,9.37817,46.7999992,2037.170044,VAL2
100,102,S102,RCCZO,Reynolds Creek CZO,Ryan Will,43.06862865,-116.7900828,43.06862865,-116.7900828,0,0,NA,30,5.24,4,"0,5,10,20", ,19.7000999,1063.180054,19.7000999,8.9986696,46.7999992,2036.939941,VAL2
101,103,S103,RCCZO,Reynolds Creek CZO,Ryan Will,43.07823597,-116.8260248,43.07823597,-116.8260248,0,0,NA,30,6.24,4,"0,5,10,20", ,20.3999996,1230.430054,20.3999996,7.8080902,11.6999998,2165.100098,VAL2
102,104,S104,RCCZO,Reynolds Creek CZO,Ryan Will,43.07824172,-116.8259551,43.07824172,-116.8259551,0,0,NA,30,6.35,4,"0,5,10,20", ,20.3999996,1176.449951,20.3999996,7.8152399,11.6999998,2164.590088,VAL2
103,105,S105,RCCZO,Reynolds Creek CZO,Ryan Will,43.07824624,-116.8259674,43.07824624,-116.8259674,0,0,NA,30,5.15,4,"0,5,10,20", ,20.3999996,1183.73999,20.3999996,7.81494,11.6999998,2164.590088,VAL2
104,106,S106,RCCZO,Reynolds Creek CZO,Ryan Will,43.07824804,-116.8260299,43.07824804,-116.8260299,0,0,NA,30,5.79,4,"0,5,10,20", ,20.3999996,1230.26001,20.3999996,7.8369799,11.6999998,2164.969971,VAL2
105,107,S107,RCCZO,Reynolds Creek CZO,Ryan Will,43.07838488,-116.8258952,43.07838488,-116.8258952,0,0,NA,30,4,4,"0,5,10,20", ,20.3999996,1056.189941,20.3999996,7.6837101,11.6999998,2162.870117,VAL2
106,108,S108,RCCZO,Reynolds Creek CZO,Ryan Will,43.07841568,-116.8258256,43.07841568,-116.8258256,0,0,NA,30,5.28,4,"0,5,10,20", ,20.3999996,968.3510132,20.3999996,7.78227,11.6999998,2162.169922,VAL2
107,109,S109,RCCZO,Reynolds Creek CZO,Ryan Will,43.0784247,-116.8258348,43.0784247,-116.8258348,0,0,NA,30,5.49,4,"0,5,10,20", ,20.3999996,977.1019897,20.3999996,7.8325701,11.6999998,2162.120117,VAL2
108,110,S110,RCCZO,Reynolds Creek CZO,Ryan Will,43.07859069,-116.8259174,43.07859069,-116.8259174,0,0,NA,30,5.67,4,"0,5,10,20", ,20.3990993,1024.729981,20.3990993,7.94872,11.6999998,2160.350098,VAL2
109,111,S111,RCCZO,Reynolds Creek CZO,Ryan Will,43.07859457,-116.8259249,43.07859457,-116.8259249,0,0,NA,30,5.67,4,"0,5,10,20", ,20.3988991,1031.099976,20.3988991,7.90377,11.6999998,2160.310059,VAL2
110,112,S112,RCCZO,Reynolds Creek CZO,Ryan Will,43.08353393,-116.7422163,43.08353393,-116.7422163,0,0,NA,30,6.5,4,"0,5,10,20", ,24.6000004,199.9420013,24.6000004,9.7985697,11.6999998,1937.699951,VAL2
111,113,S113,RCCZO,Reynolds Creek CZO,Ryan Will,43.08354902,-116.7424246,43.08354902,-116.7424246,0,0,NA,30,3.47,4,"0,5,10,20", ,24.6000004,260.5950012,24.6000004,10.4134998,11.6999998,1936.369995,VAL2
112,114,S114,RCCZO,Reynolds Creek CZO,Ryan Will,43.08355882,-116.7421654,43.08355882,-116.7421654,0,0,NA,30,5.65,4,"0,5,10,20", ,24.6000004,182.6320038,24.6000004,9.7837601,11.6999998,1938.530029,VAL2
113,115,S115,RCCZO,Reynolds Creek CZO,Ryan Will,43.08356987,-116.7424206,43.08356987,-116.7424206,0,0,NA,30,3.09,4,"0,5,10,20", ,24.6000004,258.2720032,24.6000004,10.3816996,11.6999998,1936.569946,VAL2
114,116,S116,RCCZO,Reynolds Creek CZO,Ryan Will,43.08369672,-116.7423142,43.08369672,-116.7423142,0,0,NA,30,2.85,4,"0,5,10,20", ,24.6000004,210.2709961,24.6000004,10.2482996,11.6999998,1938.290039,VAL2
115,117,S117,RCCZO,Reynolds Creek CZO,Ryan Will,43.08371526,-116.7423164,43.08371526,-116.7423164,0,0,NA,30,3.19,4,"0,5,10,20", ,24.6000004,208.0559998,24.6000004,10.2547998,11.6999998,1938.51001,VAL2
116,118,S118,RCCZO,Reynolds Creek CZO,Ryan Will,43.08373144,-116.7424237,43.08373144,-116.7424237,0,0,NA,30,3.81,4,"0,5,10,20", ,24.6000004,229.3300018,24.6000004,9.9216995,11.6999998,1938.01001,VAL2
117,119,S119,RCCZO,Reynolds Creek CZO,Ryan Will,43.08383388,-116.7426316,43.08383388,-116.7426316,0,0,NA,30,4,4,"0,5,10,20", ,24.6000004,197.4669952,24.6000004,10.7011995,11.6999998,1937.979981,VAL2
118,120,S120,RCCZO,Reynolds Creek CZO,Ryan Will,43.08386348,-116.7426614,43.08386348,-116.7426614,0,0,NA,30,7.34,4,"0,5,10,20", ,24.6000004,174.4360046,24.6000004,10.5481005,11.6999998,1938.23999,VAL2
119,121,S121,RCCZO,Reynolds Creek CZO,Ryan Will,43.10206491,-116.8024789,43.10206491,-116.8024789,0,0,NA,30,2.39,4,"0,5,10,20", ,20.7000008,680.4650269,20.7000008,11.4967003,11.6999998,1799.390015,VAL2
120,122,S122,RCCZO,Reynolds Creek CZO,Ryan Will,43.10207376,-116.802477,43.10207376,-116.802477,0,0,NA,30,1.12,4,"0,5,10,20", ,20.7000008,678.5310059,20.7000008,11.4984999,11.6999998,1799.479981,VAL2
121,123,S123,RCCZO,Reynolds Creek CZO,Ryan Will,43.10221528,-116.8025476,43.10221528,-116.8025476,0,0,NA,30,2.22,4,"0,5,10,20", ,20.7000008,626.757019,20.7000008,10.9441996,11.6999998,1802.01001,VAL2
122,124,S124,RCCZO,Reynolds Creek CZO,Ryan Will,43.10223152,-116.8024383,43.10223152,-116.8024383,0,0,NA,30,1.03,4,"0,5,10,20", ,20.7000008,654.4279785,20.7000008,10.6686001,11.6999998,1801.229981,VAL2
123,125,S125,RCCZO,Reynolds Creek CZO,Ryan Will,43.10223935,-116.8024525,43.10223935,-116.8024525,0,0,NA,30,1.403333333,4,"0,5,10,20,30", ,20.7000008,648.7529907,20.7000008,10.6759005,11.6999998,1801.430054,VAL1
124,126,S126,RCCZO,Reynolds Creek CZO,Ryan Will,43.1022805,-116.8023653,43.1022805,-116.8023653,0,0,NA,30,5.76,4,"0,5,10,20", ,20.7000008,669.6970215,20.7000008,10.4162998,11.6999998,1800.640015,VAL2
125,127,S127,RCCZO,Reynolds Creek CZO,Ryan Will,43.1022814,-116.8023787,43.1022814,-116.8023787,0,0,NA,30,4.53,4,"0,5,10,20", ,20.7000008,665.1309814,20.7000008,10.4348001,11.6999998,1800.810059,VAL2
126,128,S128,RCCZO,Reynolds Creek CZO,Ryan Will,43.10230634,-116.7836383,43.10230634,-116.7836383,0,0,NA,30,7.01,4,"0,5,10,20", ,20.3999996,1360.23999,20.3999996,9.4749498,22,1701.839966,VAL2
127,129,S129,RCCZO,Reynolds Creek CZO,Ryan Will,43.10231699,-116.7836376,43.10231699,-116.7836376,0,0,NA,30,7.97,4,"0,5,10,20", ,20.3999996,1368.199951,20.3999996,9.48034,22,1701.780029,VAL2
300,13,S13,RCCZO,Reynolds Creek CZO,Ryan Will,43.27961997,-116.808557,43.27961997,-116.808557,0,0,NA,30,4.32,4,"0,5,10,20,30,40", ,11.08,59.9859009,30.1000004,5.9490399,11.6999998,1387.949951,VAL1
128,130,S130,RCCZO,Reynolds Creek CZO,Ryan Will,43.10239559,-116.8024626,43.10239559,-116.8024626,0,0,NA,30,2.76,4,"0,5,10,20", ,20.7000008,614.2230225,20.7000008,10.2185001,11.6999998,1802.089966,VAL2
129,131,S131,RCCZO,Reynolds Creek CZO,Ryan Will,43.10240349,-116.8024529,43.10240349,-116.8024529,0,0,NA,30,3.64,4,"0,5,10,20", ,20.7000008,617.197998,20.7000008,10.1752996,11.6999998,1801.949951,VAL2
130,132,S132,RCCZO,Reynolds Creek CZO,Ryan Will,43.10246064,-116.784005,43.10246064,-116.784005,0,0,NA,30,4.67,4,"0,5,10,20", ,20.3999996,1128.790039,20.3999996,9.9979801,22,1703.359985,VAL2
131,133,S133,RCCZO,Reynolds Creek CZO,Ryan Will,43.10246759,-116.7840001,43.10246759,-116.7840001,0,0,NA,30,5.16,4,"0,5,10,20", ,20.3999996,1117.530029,20.3999996,9.9865599,22,1703.310059,VAL2
132,134,S134,RCCZO,Reynolds Creek CZO,Ryan Will,43.10251041,-116.7835959,43.10251041,-116.7835959,0,0,NA,30,8.98,4,"0,5,10,20", ,20.3999996,1313.430054,20.3999996,9.5605803,22,1699.609985,VAL2
133,135,S135,RCCZO,Reynolds Creek CZO,Ryan Will,43.10251433,-116.7835821,43.10251433,-116.7835821,0,0,NA,30,9.22,4,"0,5,10,20", ,20.3999996,1320.650024,20.3999996,9.6001396,22,1699.420044,VAL2
134,136,S136,RCCZO,Reynolds Creek CZO,Ryan Will,43.10253094,-116.7837718,43.10253094,-116.7837718,0,0,NA,30,8.983333333,4,"0,5,10,20,30,40", ,20.3999996,1161.180054,20.3999996,9.6638899,22,1701.439941,VAL1
135,137,S137,RCCZO,Reynolds Creek CZO,Ryan Will,43.10253977,-116.7837883,43.10253977,-116.7837883,0,0,NA,30,8.15,4,"0,5,10,20", ,20.3999996,1135.640015,20.3999996,9.6892405,22,1701.48999,VAL2
136,138,S138,RCCZO,Reynolds Creek CZO,Ryan Will,43.10272496,-116.7837205,43.10272496,-116.7837205,0,0,NA,30,8.23,4,"0,5,10,20", ,20.3999996,953.1810303,20.3999996,8.9085197,11.8804998,1699.079956,VAL2
137,139,S139,RCCZO,Reynolds Creek CZO,Ryan Will,43.10272712,-116.7837084,43.10272712,-116.7837084,0,0,NA,30,8.02,4,"0,5,10,20", ,20.3999996,963.5859985,20.3999996,8.8333797,11.7671003,1698.77002,VAL2
12,14,S14,RCCZO,Reynolds Creek CZO,Ryan Will,43.10619377,-116.7730587,43.10619377,-116.7730587,0,0,NA,30,4.283333333,4,"0,5,10,20,30", ,11.2,390.8859863,14.3000002,11.6505003,11.6999998,1583.52002,CAL
138,140,S140,RCCZO,Reynolds Creek CZO,Ryan Will,43.10453363,-116.7381171,43.10453363,-116.7381171,0,0,NA,30,1.94,4,"0,5,10,20", ,24.6000004,7.5496502,24.6000004,11.0022001,11.6999998,1868.849976,VAL2
139,141,S141,RCCZO,Reynolds Creek CZO,Ryan Will,43.10454054,-116.7381214,43.10454054,-116.7381214,0,0,NA,30,1.59,4,"0,5,10,20", ,24.6000004,4.6346002,24.6000004,10.9979,11.6999998,1868.949951,VAL2
140,142,S142,RCCZO,Reynolds Creek CZO,Ryan Will,43.10455478,-116.7379856,43.10455478,-116.7379856,0,0,NA,30,1.55,4,"0,5,10,20", ,24.6000004,-10.6815996,24.6000004,11.0249996,11.6999998,1869.51001,VAL2
141,143,S143,RCCZO,Reynolds Creek CZO,Ryan Will,43.10456275,-116.7379914,43.10456275,-116.7379914,0,0,NA,30,1.37,4,"0,5,10,20", ,24.6000004,-15.4198999,24.6000004,11.0172997,11.6999998,1869.630005,VAL2
142,144,S144,RCCZO,Reynolds Creek CZO,Ryan Will,43.10462141,-116.7382894,43.10462141,-116.7382894,0,0,NA,30,1.93,4,"0,5,10,20", ,24.6000004,-10.6353998,24.6000004,10.8952999,11.6999998,1869.780029,VAL2
143,145,S145,RCCZO,Reynolds Creek CZO,Ryan Will,43.10462945,-116.738294,43.10462945,-116.738294,0,0,NA,30,1.79,4,"0,5,10,20", ,24.6000004,-15.6195002,24.6000004,10.8870001,11.6999998,1869.819946,VAL2
144,146,S146,RCCZO,Reynolds Creek CZO,Ryan Will,43.10465181,-116.7381189,43.10465181,-116.7381189,0,0,NA,30,1.89,4,"0,5,10,20", ,24.6000004,-61.0261993,24.6000004,10.9400997,11.6999998,1870.469971,VAL2
145,147,S147,RCCZO,Reynolds Creek CZO,Ryan Will,43.10465614,-116.7381329,43.10465614,-116.7381329,0,0,NA,30,1.183333333,4,"0,5,10,20,30", ,24.6000004,-61.286499,24.6000004,10.9357996,11.6999998,1870.479981,VAL1
146,148,S148,RCCZO,Reynolds Creek CZO,Ryan Will,43.10477724,-116.7379634,43.10477724,-116.7379634,0,0,NA,30,1.31,4,"0,5,10,20", ,24.6000004,-81.7089996,24.6000004,10.8374004,11.6999998,1872.280029,VAL2
147,149,S149,RCCZO,Reynolds Creek CZO,Ryan Will,43.10478041,-116.7379677,43.10478041,-116.7379677,0,0,NA,30,0.88,4,"0,5,10,20", ,24.6000004,-81.9539032,24.6000004,10.8305998,11.6999998,1872.310059,VAL2
148,150,S150,RCCZO,Reynolds Creek CZO,Ryan Will,43.10610637,-116.7730034,43.10610637,-116.7730034,0,0,NA,30,6.06,4,"0,5,10,20", ,14.3000002,406.7650146,14.3000002,11.7783003,11.6999998,1582.050049,VAL2
149,151,S151,RCCZO,Reynolds Creek CZO,Ryan Will,43.10611675,-116.7730154,43.10611675,-116.7730154,0,0,NA,30,4.24,4,"0,5,10,20", ,14.3000002,401.7460022,14.3000002,11.7753,11.6999998,1582.150024,VAL2
150,152,S152,RCCZO,Reynolds Creek CZO,Ryan Will,43.1061696,-116.7728966,43.1061696,-116.7728966,0,0,NA,30,5.46,4,"0,5,10,20", ,14.3000002,442.7269897,14.3000002,11.7530003,11.6999998,1583.02002,VAL2
151,153,S153,RCCZO,Reynolds Creek CZO,Ryan Will,43.10617939,-116.7728948,43.10617939,-116.7728948,0,0,NA,30,5.23,4,"0,5,10,20", ,14.3000002,443.3210144,14.3000002,11.7538996,11.6999998,1583.25,VAL2
152,154,S154,RCCZO,Reynolds Creek CZO,Ryan Will,43.10620136,-116.7730664,43.10620136,-116.7730664,0,0,NA,30,4.35,4,"0,5,10,20", ,14.3000002,389.0969849,14.3000002,11.6318998,11.6999998,1583.650024,VAL2
153,155,S155,RCCZO,Reynolds Creek CZO,Ryan Will,43.1062148,-116.7731925,43.1062148,-116.7731925,0,0,NA,30,4.35,4,"0,5,10,20", ,14.3000002,353.9389954,14.3000002,11.3673,11.6999998,1583.280029,VAL2
154,156,S156,RCCZO,Reynolds Creek CZO,Ryan Will,43.10621659,-116.7732046,43.10621659,-116.7732046,0,0,NA,30,3.6,4,"0,5,10,20", ,14.3000002,350.6539917,14.3000002,11.3483,11.6999998,1583.219971,VAL2
155,157,S157,RCCZO,Reynolds Creek CZO,Ryan Will,43.10637732,-116.7730477,43.10637732,-116.7730477,0,0,NA,30,5.22,4,"0,5,10,20", ,14.3000002,409.019989,14.3000002,11.1145,11.6999998,1585.670044,VAL2
156,158,S158,RCCZO,Reynolds Creek CZO,Ryan Will,43.10638402,-116.7730514,43.10638402,-116.7730514,0,0,NA,30,4.82,4,"0,5,10,20", ,14.3000002,408.7380066,14.3000002,11.1058998,11.6999998,1585.680054,VAL2
157,159,S159,RCCZO,Reynolds Creek CZO,Ryan Will,43.11046311,-116.7329183,43.11046311,-116.7329183,0,0,NA,30,6.13,4,"0,5,10,20", ,22.2999992,774.2839966,22.2999992,7.7836499,11.6999998,1866.670044,VAL2
158,160,S160,RCCZO,Reynolds Creek CZO,Ryan Will,43.11047207,-116.7328998,43.11047207,-116.7328998,0,0,NA,30,6.19,4,"0,5,10,20", ,22.2999992,770.2009888,22.2999992,7.8382802,11.6999998,1866.469971,VAL2
159,161,S161,RCCZO,Reynolds Creek CZO,Ryan Will,43.11048113,-116.7329244,43.11048113,-116.7329244,0,0,NA,30,4.06,4,"0,5,10,20", ,22.2999992,751.2960205,22.2999992,7.77004,11.6999998,1866.119995,VAL2
160,162,S162,RCCZO,Reynolds Creek CZO,Ryan Will,43.11048746,-116.7329342,43.11048746,-116.7329342,0,0,NA,30,4.73,4,"0,5,10,20", ,22.2999992,741.0949707,22.2999992,7.7445598,11.6999998,1865.890015,VAL2
161,163,S163,RCCZO,Reynolds Creek CZO,Ryan Will,43.11051771,-116.7331639,43.11051771,-116.7331639,0,0,NA,30,7.7,4,"0,5,10,20,30,40", ,22.2999992,659.4030151,22.2999992,7.0077901,11.6999998,1865.050049,VAL1
162,164,S164,RCCZO,Reynolds Creek CZO,Ryan Will,43.11052667,-116.7331454,43.11052667,-116.7331454,0,0,NA,30,11.06,4,"0,5,10,20", ,22.2999992,659.0170288,22.2999992,7.1163201,11.6999998,1864.650024,VAL2
163,165,S165,RCCZO,Reynolds Creek CZO,Ryan Will,43.1106586,-116.7333415,43.1106586,-116.7333415,0,0,NA,30,6.56,4,"0,5,10,20", ,22.2999992,536.1309814,22.2999992,7.0447602,21.5778999,1861.719971,VAL2
164,166,S166,RCCZO,Reynolds Creek CZO,Ryan Will,43.11066219,-116.7333353,43.11066219,-116.7333353,0,0,NA,30,6.65,4,"0,5,10,20", ,22.2999992,538.6149902,22.2999992,7.0387502,21.3603001,1861.589966,VAL2
165,167,S167,RCCZO,Reynolds Creek CZO,Ryan Will,43.11068821,-116.73291,43.11068821,-116.73291,0,0,NA,30,6.86,4,"0,5,10,20", ,22.2999992,521.6530151,22.2999992,7.7185502,11.6999998,1861.640015,VAL2
166,168,S168,RCCZO,Reynolds Creek CZO,Ryan Will,43.11069985,-116.7328804,43.11069985,-116.7328804,0,0,NA,30,9.05,4,"0,5,10,20", ,22.2999992,504.5859985,22.2999992,7.6447701,11.6999998,1861.52002,VAL2
167,169,S169,RCCZO,Reynolds Creek CZO,Ryan Will,43.14366477,-116.7688502,43.14366477,-116.7688502,0,0,NA,30,3.87,4,"0,5,10,20", ,30.1000004,117.3740005,30.1000004,11.4535999,11.6999998,1510.640015,VAL2
168,170,S170,RCCZO,Reynolds Creek CZO,Ryan Will,43.14366666,-116.7688379,43.14366666,-116.7688379,0,0,NA,30,3.05,4,"0,5,10,20", ,30.1000004,117.9300003,30.1000004,11.4182997,11.6999998,1510.449951,VAL2
169,171,S171,RCCZO,Reynolds Creek CZO,Ryan Will,43.14367186,-116.7691477,43.14367186,-116.7691477,0,0,NA,30,2.57,4,"0,5,10,20", ,13.4622002,206.7689972,13.4622002,12.6475,11.6999998,1512.630005,VAL2
170,172,S172,RCCZO,Reynolds Creek CZO,Ryan Will,43.14368038,-116.7691358,43.14368038,-116.7691358,0,0,NA,30,1.9,4,"0,5,10,20", ,13.3646002,203.4880066,13.3646002,12.6373997,11.6999998,1512.959961,VAL2
171,173,S173,RCCZO,Reynolds Creek CZO,Ryan Will,43.14376393,-116.7690269,43.14376393,-116.7690269,0,0,NA,30,5.04,4,"0,5,10,20", ,26.8735008,168.6950073,26.8735008,11.4928999,11.6999998,1513.949951,VAL2
172,174,S174,RCCZO,Reynolds Creek CZO,Ryan Will,43.1437656,-116.7355818,43.1437656,-116.7355818,0,0,NA,30,3.71,4,"0,5,10,20", ,29.3999996,-105.4609985,29.3999996,10.5401001,11.6999998,1619.640015,VAL2
173,175,S175,RCCZO,Reynolds Creek CZO,Ryan Will,43.14376704,-116.7355865,43.14376704,-116.7355865,0,0,NA,30,3.87,4,"0,5,10,20", ,29.3999996,-105.901001,29.3999996,10.5368004,11.6999998,1619.630005,VAL2
174,176,S176,RCCZO,Reynolds Creek CZO,Ryan Will,43.1438412,-116.7692195,43.1438412,-116.7692195,0,0,NA,30,5.07,4,"0,5,10,20", ,14.0578003,250.6809998,14.0578003,11.5318003,11.6999998,1516.810059,VAL2
175,177,S177,RCCZO,Reynolds Creek CZO,Ryan Will,43.14384824,-116.7690175,43.14384824,-116.7690175,0,0,NA,30,4.89,4,"0,5,10,20", ,28.1151009,166.5130005,28.1151009,10.6802998,11.6999998,1513.969971,VAL2
176,178,S178,RCCZO,Reynolds Creek CZO,Ryan Will,43.14384907,-116.7690238,43.14384907,-116.7690238,0,0,NA,30,5.58,4,"0,5,10,20", ,27.2535,169.1820068,27.2535,10.7005997,11.6999998,1514.109985,VAL2
177,179,S179,RCCZO,Reynolds Creek CZO,Ryan Will,43.14385002,-116.7692284,43.14385002,-116.7692284,0,0,NA,30,3.12,4,"0,5,10,20", ,14.1313,255.4850006,14.1313,11.4495001,11.6999998,1517.069946,VAL2
178,180,S180,RCCZO,Reynolds Creek CZO,Ryan Will,43.14387359,-116.7355648,43.14387359,-116.7355648,0,0,NA,30,4.55,4,"0,5,10,20", ,29.3999996,-94.3955002,29.3999996,10.5131998,11.6999998,1619.02002,VAL2
179,181,S181,RCCZO,Reynolds Creek CZO,Ryan Will,43.14391374,-116.7357341,43.14391374,-116.7357341,0,0,NA,30,3.99,4,"0,5,10,20", ,29.3999996,-91.7703018,29.3999996,10.2947998,11.6999998,1618.479981,VAL2
180,182,S182,RCCZO,Reynolds Creek CZO,Ryan Will,43.14391632,-116.7357326,43.14391632,-116.7357326,0,0,NA,30,3.24,4,"0,5,10,20", ,29.3999996,-92.1419983,29.3999996,10.2945995,11.6999998,1618.449951,VAL2
181,183,S183,RCCZO,Reynolds Creek CZO,Ryan Will,43.14399787,-116.7354644,43.14399787,-116.7354644,0,0,NA,30,2.63,4,"0,5,10,20", ,29.3999996,-93.3865967,29.3999996,10.4111996,11.6999998,1617.790039,VAL2
182,184,S184,RCCZO,Reynolds Creek CZO,Ryan Will,43.14400215,-116.735468,43.14400215,-116.735468,0,0,NA,30,2.76,4,"0,5,10,20", ,29.3999996,-93.7619019,29.3999996,10.4055996,11.6999998,1617.729981,VAL2
183,185,S185,RCCZO,Reynolds Creek CZO,Ryan Will,43.14401102,-116.7356272,43.14401102,-116.7356272,0,0,NA,30,3.93,4,"0,5,10,20", ,29.3999996,-99.4395981,29.3999996,10.3441,11.6999998,1617.26001,VAL2
184,186,S186,RCCZO,Reynolds Creek CZO,Ryan Will,43.14401171,-116.7356334,43.14401171,-116.7356334,0,0,NA,30,3.49,4,"0,5,10,20", ,29.3999996,-99.6399994,29.3999996,10.3395004,11.6999998,1617.23999,VAL2
185,187,S187,RCCZO,Reynolds Creek CZO,Ryan Will,43.15039775,-116.7093507,43.15039775,-116.7093507,0,0,NA,30,1.65,4,"0,5,10,20", ,29.8999996,-125.2630005,29.8999996,11.3423004,11.6999998,1622.449951,VAL2
186,188,S188,RCCZO,Reynolds Creek CZO,Ryan Will,43.15039909,-116.7093546,43.15039909,-116.7093546,0,0,NA,30,2.12,4,"0,5,10,20", ,29.8999996,-125.5619965,29.8999996,11.3423004,11.6999998,1622.400024,VAL2
187,189,S189,RCCZO,Reynolds Creek CZO,Ryan Will,43.15047123,-116.7093699,43.15047123,-116.7093699,0,0,NA,30,2.01,4,"0,5,10,20", ,29.8999996,-128.2120056,29.8999996,11.3430996,11.6999998,1622.930054,VAL2
188,190,S190,RCCZO,Reynolds Creek CZO,Ryan Will,43.15050364,-116.7095412,43.15050364,-116.7095412,0,0,NA,30,1.61,4,"0,5,10,20", ,29.8999996,-129.0359955,29.8999996,11.3687,11.6999998,1621.099976,VAL2
189,191,S191,RCCZO,Reynolds Creek CZO,Ryan Will,43.15051267,-116.7095458,43.15051267,-116.7095458,0,0,NA,30,1.85,4,"0,5,10,20", ,29.8999996,-128.8079987,29.8999996,11.3732996,11.6999998,1621.119995,VAL2
190,192,S192,RCCZO,Reynolds Creek CZO,Ryan Will,43.15060119,-116.7091828,43.15060119,-116.7091828,0,0,NA,30,2.75,4,"0,5,10,20", ,29.8999996,-127.625,29.8999996,11.2997999,11.6999998,1626.849976,VAL2
191,193,S193,RCCZO,Reynolds Creek CZO,Ryan Will,43.15060307,-116.7091791,43.15060307,-116.7091791,0,0,NA,30,1.88,4,"0,5,10,20", ,29.8999996,-127.3769989,29.8999996,11.2950001,11.6999998,1626.900024,VAL2
192,194,S194,RCCZO,Reynolds Creek CZO,Ryan Will,43.15063284,-116.7093799,43.15063284,-116.7093799,0,0,NA,30,2.12,4,"0,5,10,20", ,29.8999996,-127.7350006,29.8999996,11.2806997,11.6999998,1624.119995,VAL2
193,195,S195,RCCZO,Reynolds Creek CZO,Ryan Will,43.15063892,-116.7093635,43.15063892,-116.7093635,0,0,NA,30,2.24,4,"0,5,10,20", ,29.8999996,-127.1800003,29.8999996,11.2663002,11.6999998,1624.439941,VAL2
194,196,S196,RCCZO,Reynolds Creek CZO,Ryan Will,43.15722146,-116.7084755,43.15722146,-116.7084755,0,0,NA,30,2.03,4,"0,5,10,20", ,29.8999996,12.4652004,29.8999996,10.4535999,11.6999998,1557.140015,VAL2
195,197,S197,RCCZO,Reynolds Creek CZO,Ryan Will,43.15722277,-116.7084693,43.15722277,-116.7084693,0,0,NA,30,2.23,4,"0,5,10,20", ,29.8999996,12.8836002,29.8999996,10.4647999,11.6999998,1556.959961,VAL2
196,198,S198,RCCZO,Reynolds Creek CZO,Ryan Will,43.15738357,-116.7085974,43.15738357,-116.7085974,0,0,NA,30,2.99,4,"0,5,10,20", ,29.8999996,11.7753,29.8999996,10.1854,11.6999998,1560.699951,VAL2
197,199,S199,RCCZO,Reynolds Creek CZO,Ryan Will,43.15738372,-116.7086039,43.15738372,-116.7086039,0,0,NA,30,2.63,4,"0,5,10,20", ,29.8999996,11.7912998,29.8999996,10.1876001,11.6999998,1560.910034,VAL2
198,200,S200,RCCZO,Reynolds Creek CZO,Ryan Will,43.15739053,-116.7084698,43.15739053,-116.7084698,0,0,NA,30,2.03,4,"0,5,10,20", ,29.8999996,11.3999004,29.8999996,10.2613001,11.6999998,1556.869995,VAL2
199,201,S201,RCCZO,Reynolds Creek CZO,Ryan Will,43.15739444,-116.7084295,43.15739444,-116.7084295,0,0,NA,30,2.75,4,"0,5,10,20", ,29.8999996,11.2529001,29.8999996,10.3072996,11.6999998,1555.790039,VAL2
200,202,S202,RCCZO,Reynolds Creek CZO,Ryan Will,43.15745769,-116.7084551,43.15745769,-116.7084551,0,0,NA,30,2.51,4,"0,5,10,20", ,29.8999996,10.8312998,29.8999996,10.4610996,11.6999998,1556.290039,VAL2
201,203,S203,RCCZO,Reynolds Creek CZO,Ryan Will,43.15745879,-116.7084656,43.15745879,-116.7084656,0,0,NA,30,2.9,4,"0,5,10,20", ,29.8999996,10.8769999,29.8999996,10.4181995,11.6999998,1556.569946,VAL2
202,204,S204,RCCZO,Reynolds Creek CZO,Ryan Will,43.15747899,-116.7082608,43.15747899,-116.7082608,0,0,NA,30,2.36,4,"0,5,10,20", ,29.8999996,7.31953,29.8999996,10.6983995,11.6999998,1553.150024,VAL2
203,205,S205,RCCZO,Reynolds Creek CZO,Ryan Will,43.15749536,-116.7082669,43.15749536,-116.7082669,0,0,NA,30,2.79,4,"0,5,10,20", ,29.8999996,7.6961598,29.8999996,10.7109003,11.6999998,1553.300049,VAL2
204,206,S206,RCCZO,Reynolds Creek CZO,Ryan Will,43.16728983,-116.7132986,43.16728983,-116.7132986,0,0,NA,30,3.4,4,"0,5,10,20", ,29.7000008,-22.8868008,29.7000008,9.79636,11.6999998,1427.439941,VAL2
205,207,S207,RCCZO,Reynolds Creek CZO,Ryan Will,43.16729437,-116.7133108,43.16729437,-116.7133108,0,0,NA,30,2.9,4,"0,5,10,20", ,29.7000008,-22.1506996,29.7000008,9.8059196,11.6999998,1427.430054,VAL2
206,208,S208,RCCZO,Reynolds Creek CZO,Ryan Will,43.16744804,-116.7128561,43.16744804,-116.7128561,0,0,NA,30,4.6,4,"0,5,10,20", ,29.7000008,-23.2012005,29.7000008,10.1822996,11.6999998,1423.76001,VAL2
207,209,S209,RCCZO,Reynolds Creek CZO,Ryan Will,43.1674593,-116.7131645,43.1674593,-116.7131645,0,0,NA,30,2.22,4,"0,5,10,20", ,29.7000008,-24.5846996,29.7000008,10.4215002,11.6999998,1424.699951,VAL2
19,21,S21,RCCZO,Reynolds Creek CZO,Ryan Will,43.14377305,-116.7690419,43.14377305,-116.7690419,0,0,NA,30,4.863333333,4,"0,5,10,20,30,40", ,12.01333333,174.6260071,24.8181992,11.5256996,11.6999998,1514.189941,CAL
208,210,S210,RCCZO,Reynolds Creek CZO,Ryan Will,43.16746019,-116.7128632,43.16746019,-116.7128632,0,0,NA,30,2.67,4,"0,5,10,20", ,29.7000008,-22.5168991,29.7000008,10.2557001,11.6999998,1423.609985,VAL2
209,211,S211,RCCZO,Reynolds Creek CZO,Ryan Will,43.16746901,-116.7131576,43.16746901,-116.7131576,0,0,NA,30,2.48,4,"0,5,10,20", ,29.7000008,-23.7922993,29.7000008,10.4294996,11.6999998,1424.560059,VAL2
210,212,S212,RCCZO,Reynolds Creek CZO,Ryan Will,43.16750852,-116.7132104,43.16750852,-116.7132104,0,0,NA,30,2.166666667,4,"0,5,10,20,30,40,50,60,70", ,29.7000008,-16.5708008,29.7000008,10.4616003,11.6999998,1424.23999,VAL1
211,213,S213,RCCZO,Reynolds Creek CZO,Ryan Will,43.16752432,-116.7131573,43.16752432,-116.7131573,0,0,NA,30,2.53,4,"0,5,10,20", ,29.7000008,-16.8381004,29.7000008,10.4827003,11.6999998,1424.060059,VAL2
212,214,S214,RCCZO,Reynolds Creek CZO,Ryan Will,43.16756326,-116.7133541,43.16756326,-116.7133541,0,0,NA,30,2.29,4,"0,5,10,20", ,29.7000008,-7.9365201,29.7000008,10.5903997,11.6999998,1424.180054,VAL2
213,215,S215,RCCZO,Reynolds Creek CZO,Ryan Will,43.16756614,-116.7133453,43.16756614,-116.7133453,0,0,NA,30,2.81,4,"0,5,10,20", ,29.7000008,-7.97575,29.7000008,10.5985003,11.6999998,1424.140015,VAL2
214,216,S216,RCCZO,Reynolds Creek CZO,Ryan Will,43.1854559,-116.8035245,43.1854559,-116.8035245,0,0,NA,30,2.74,4,"0,5,10,20", ,14.3000002,236.0610046,14.3000002,10.8987999,11.6999998,1623.5,VAL2
215,217,S217,RCCZO,Reynolds Creek CZO,Ryan Will,43.18545916,-116.8035158,43.18545916,-116.8035158,0,0,NA,30,2.23,4,"0,5,10,20", ,14.3000002,238.0709991,14.3000002,10.8864002,11.6999998,1623.420044,VAL2
216,218,S218,RCCZO,Reynolds Creek CZO,Ryan Will,43.18549726,-116.8037268,43.18549726,-116.8037268,0,0,NA,30,3.47,4,"0,5,10,20", ,14.3000002,214.2720032,14.3000002,11.0014,11.6999998,1631.640015,VAL2
217,219,S219,RCCZO,Reynolds Creek CZO,Ryan Will,43.18550477,-116.8037327,43.18550477,-116.8037327,0,0,NA,30,3.6,4,"0,5,10,20", ,14.3000002,215.1569977,14.3000002,10.9786997,11.6999998,1632.040039,VAL2
218,220,S220,RCCZO,Reynolds Creek CZO,Ryan Will,43.18558883,-116.8036574,43.18558883,-116.8036574,0,0,NA,30,3.043333333,4,"0,5,10,20", ,14.3000002,245.0899963,14.3000002,10.5752001,11.6999998,1630.479981,VAL2
219,221,S221,RCCZO,Reynolds Creek CZO,Ryan Will,43.18560506,-116.8036446,43.18560506,-116.8036446,0,0,NA,30,2.29,4,"0,5,10,20", ,14.3000002,250.4149933,14.3000002,10.4807997,11.6999998,1630.119995,VAL2
220,222,S222,RCCZO,Reynolds Creek CZO,Ryan Will,43.18564245,-116.8035224,43.18564245,-116.8035224,0,0,NA,30,2.36,4,"0,5,10,20", ,14.3000002,257.2030029,14.3000002,9.5849199,11.6999998,1625.910034,VAL2
221,223,S223,RCCZO,Reynolds Creek CZO,Ryan Will,43.18564682,-116.8035264,43.18564682,-116.8035264,0,0,NA,30,2.04,4,"0,5,10,20", ,14.3000002,255.4759979,14.3000002,9.5458002,11.6999998,1626.02002,VAL2
222,224,S224,RCCZO,Reynolds Creek CZO,Ryan Will,43.18568906,-116.8038619,43.18568906,-116.8038619,0,0,NA,30,2.14,4,"0,5,10,20", ,14.3000002,216.0650024,14.3000002,10.3396997,11.6999998,1637.890015,VAL2
223,225,S225,RCCZO,Reynolds Creek CZO,Ryan Will,43.1856935,-116.8038721,43.1856935,-116.8038721,0,0,NA,30,2.39,4,"0,5,10,20", ,14.3000002,214.5110016,14.3000002,10.3808002,11.6999998,1638.140015,VAL2
224,226,S226,RCCZO,Reynolds Creek CZO,Ryan Will,43.1908286,-116.781441,43.1908286,-116.781441,0,0,NA,30,3.04,4,"0,5,10,20", ,21.7999992,199.9730072,21.7999992,12.0053997,11.6999998,1310.310059,VAL2
225,227,S227,RCCZO,Reynolds Creek CZO,Ryan Will,43.19083136,-116.7814573,43.19083136,-116.7814573,0,0,NA,30,2.8,4,"0,5,10,20", ,21.7999992,206.875,21.7999992,11.9994001,11.6999998,1310.530029,VAL2
226,228,S228,RCCZO,Reynolds Creek CZO,Ryan Will,43.19086736,-116.7812717,43.19086736,-116.7812717,0,0,NA,30,3.07,4,"0,5,10,20", ,21.7999992,118.2699966,21.7999992,11.8924999,11.6999998,1309.290039,VAL2
227,229,S229,RCCZO,Reynolds Creek CZO,Ryan Will,43.19087654,-116.7812625,43.19087654,-116.7812625,0,0,NA,30,3.71,4,"0,5,10,20", ,21.7999992,112.7819977,21.7999992,11.8922997,11.6999998,1309.329956,VAL2
228,230,S230,RCCZO,Reynolds Creek CZO,Ryan Will,43.19100111,-116.7814089,43.19100111,-116.7814089,0,0,NA,30,2.53,4,"0,5,10,20", ,21.7999992,152.8549957,21.7999992,11.5892,11.6999998,1311.27002,VAL2
229,231,S231,RCCZO,Reynolds Creek CZO,Ryan Will,43.19102938,-116.7813256,43.19102938,-116.7813256,0,0,NA,30,2.43,4,"0,5,10,20", ,21.7999992,110.8259964,21.7999992,11.4733,11.6999998,1310.75,VAL2
230,232,S232,RCCZO,Reynolds Creek CZO,Ryan Will,43.1910335,-116.7813366,43.1910335,-116.7813366,0,0,NA,30,3,4,"0,5,10,20", ,21.7999992,113.7300034,21.7999992,11.4491997,11.6999998,1310.839966,VAL2
231,233,S233,RCCZO,Reynolds Creek CZO,Ryan Will,43.19113484,-116.781621,43.19113484,-116.781621,0,0,NA,30,3.48,4,"0,5,10,20", ,21.7999992,151.9320068,21.7999992,10.6655998,11.6999998,1311.119995,VAL2
232,234,S234,RCCZO,Reynolds Creek CZO,Ryan Will,43.19114227,-116.781614,43.19114227,-116.781614,0,0,NA,30,2.97,4,"0,5,10,20", ,21.7999992,145.4259949,21.7999992,10.6363001,11.6999998,1311.060059,VAL2
233,235,S235,RCCZO,Reynolds Creek CZO,Ryan Will,43.19237201,-116.7177077,43.19237201,-116.7177077,0,0,NA,30,1.5,4,"0,5,10,20", ,22.9946995,-243.0420074,22.9946995,11.3801003,11.6999998,1339.73999,VAL2
234,236,S236,RCCZO,Reynolds Creek CZO,Ryan Will,43.19237763,-116.7177152,43.19237763,-116.7177152,0,0,NA,30,1.24,4,"0,5,10,20", ,22.7588997,-243.0110016,22.7588997,11.4120998,11.6999998,1339.699951,VAL2
235,237,S237,RCCZO,Reynolds Creek CZO,Ryan Will,43.19249519,-116.7179556,43.19249519,-116.7179556,0,0,NA,30,1.89,4,"0,5,10,20", ,17.7346001,-261.3160095,17.7346001,11.2182999,11.6999998,1338.729981,VAL2
236,238,S238,RCCZO,Reynolds Creek CZO,Ryan Will,43.19249794,-116.7179692,43.19249794,-116.7179692,0,0,NA,30,1.13,4,"0,5,10,20", ,17.8057003,-261.9859924,17.8057003,11.2054996,11.6999998,1338.619995,VAL2
237,239,S239,RCCZO,Reynolds Creek CZO,Ryan Will,43.19250758,-116.7178267,43.19250758,-116.7178267,0,0,NA,30,0.823333333,4,"0,5,10,20,30,40,50,60,70,80,90", ,21.3458004,-257.3420105,21.3458004,11.3163004,11.6999998,1339.709961,VAL1
238,240,S240,RCCZO,Reynolds Creek CZO,Ryan Will,43.19251073,-116.7177966,43.19251073,-116.7177966,0,0,NA,30,1.67,4,"0,5,10,20", ,24.4738007,-256.5910034,24.4738007,11.3283997,11.6999998,1339.839966,VAL2
239,241,S241,RCCZO,Reynolds Creek CZO,Ryan Will,43.19254476,-116.7176626,43.19254476,-116.7176626,0,0,NA,30,1.22,4,"0,5,10,20", ,30.0485992,-258.2940063,30.0485992,11.2993002,11.6999998,1340.849976,VAL2
240,242,S242,RCCZO,Reynolds Creek CZO,Ryan Will,43.19255488,-116.7176546,43.19255488,-116.7176546,0,0,NA,30,1.05,4,"0,5,10,20", ,29.9526997,-258.8439941,29.9526997,11.2845001,11.6999998,1340.939941,VAL2
241,243,S243,RCCZO,Reynolds Creek CZO,Ryan Will,43.19271436,-116.7179226,43.19271436,-116.7179226,0,0,NA,30,1.09,4,"0,5,10,20", ,25.5662003,-273.4509888,25.5662003,10.941,11.6999998,1339.219971,VAL2
242,244,S244,RCCZO,Reynolds Creek CZO,Ryan Will,43.19271998,-116.7179357,43.19271998,-116.7179357,0,0,NA,30,2.1,4,"0,5,10,20", ,24.9363995,-273.368988,24.9363995,10.9196997,11.6999998,1339.089966,VAL2
243,245,S245,RCCZO,Reynolds Creek CZO,Ryan Will,43.1978744,-116.8123919,43.1978744,-116.8123919,0,0,NA,30,6.75,4,"0,5,10,20", ,14.3000002,231.5579987,14.3000002,8.9310703,11.6999998,1589,VAL2
244,246,S246,RCCZO,Reynolds Creek CZO,Ryan Will,43.19787888,-116.8122048,43.19787888,-116.8122048,0,0,NA,30,7.28,4,"0,5,10,20", ,14.3000002,266.0249939,14.3000002,8.7390499,11.6999998,1586.23999,VAL2
245,247,S247,RCCZO,Reynolds Creek CZO,Ryan Will,43.19788121,-116.8123803,43.19788121,-116.8123803,0,0,NA,30,6.65,4,"0,5,10,20", ,14.3000002,235.2810059,14.3000002,8.8485403,11.6999998,1588.609985,VAL2
246,248,S248,RCCZO,Reynolds Creek CZO,Ryan Will,43.19788863,-116.8122028,43.19788863,-116.8122028,0,0,NA,30,7.29,4,"0,5,10,20", ,14.3000002,267.6900024,14.3000002,8.6774502,11.6999998,1585.979981,VAL2
247,249,S249,RCCZO,Reynolds Creek CZO,Ryan Will,43.19793459,-116.8124211,43.19793459,-116.8124211,0,0,NA,30,5.553333333,4,"0,5,10,20,30,40", ,14.3000002,229.8939972,14.3000002,8.0973997,11.6999998,1588.099976,VAL1
248,250,S250,RCCZO,Reynolds Creek CZO,Ryan Will,43.19794613,-116.8125235,43.19794613,-116.8125235,0,0,NA,30,5.67,4,"0,5,10,20", ,14.3000002,201.3390045,14.3000002,7.92729,11.6999998,1589.530029,VAL2
249,251,S251,RCCZO,Reynolds Creek CZO,Ryan Will,43.19794755,-116.8125126,43.19794755,-116.8125126,0,0,NA,30,6.61,4,"0,5,10,20", ,14.3000002,204.5619965,14.3000002,7.9366899,11.6999998,1589.349976,VAL2
250,252,S252,RCCZO,Reynolds Creek CZO,Ryan Will,43.19795394,-116.8124089,43.19795394,-116.8124089,0,0,NA,30,7.33,4,"0,5,10,20", ,14.3000002,235.3130035,14.3000002,7.8305101,11.6999998,1587.400024,VAL2
251,253,S253,RCCZO,Reynolds Creek CZO,Ryan Will,43.19806551,-116.8125861,43.19806551,-116.8125861,0,0,NA,30,6.49,4,"0,5,10,20", ,14.3000002,185.7570038,14.3000002,7.93718,11.6999998,1587.98999,VAL2
252,254,S254,RCCZO,Reynolds Creek CZO,Ryan Will,43.19807057,-116.8125782,43.19807057,-116.8125782,0,0,NA,30,5.58,4,"0,5,10,20", ,14.3000002,189.0110016,14.3000002,7.9746399,11.6999998,1587.76001,VAL2
253,255,S255,RCCZO,Reynolds Creek CZO,Ryan Will,43.2112414,-116.7356381,43.2112414,-116.7356381,0,0,NA,30,3.36,4,"0,5,10,20", ,23.2000008,-89.1801987,23.2000008,11.0295,11.6999998,1238.079956,VAL2
254,256,S256,RCCZO,Reynolds Creek CZO,Ryan Will,43.21125166,-116.7356471,43.21125166,-116.7356471,0,0,NA,30,3.65,4,"0,5,10,20", ,23.2000008,-88.4316025,23.2000008,11.0832996,11.6999998,1238.02002,VAL2
255,257,S257,RCCZO,Reynolds Creek CZO,Ryan Will,43.21141852,-116.7356752,43.21141852,-116.7356752,0,0,NA,30,2.15,4,"0,5,10,20", ,23.2000008,-96.5361023,23.2000008,11.4284,11.6999998,1238.27002,VAL2
256,258,S258,RCCZO,Reynolds Creek CZO,Ryan Will,43.21142139,-116.7356878,43.21142139,-116.7356878,0,0,NA,30,2.19,4,"0,5,10,20", ,23.2000008,-93.0231018,23.2000008,11.4230003,11.6999998,1238.189941,VAL2
257,259,S259,RCCZO,Reynolds Creek CZO,Ryan Will,43.21144386,-116.7357613,43.21144386,-116.7357613,0,0,NA,30,3.37,4,"0,5,10,20", ,23.2000008,-77.9972992,23.2000008,11.3746004,11.6999998,1237.780029,VAL2
258,260,S260,RCCZO,Reynolds Creek CZO,Ryan Will,43.21144733,-116.7359687,43.21144733,-116.7359687,0,0,NA,30,1.3,4,"0,5,10,20", ,23.2000008,-90.5653,23.2000008,11.4338999,11.6999998,1236.829956,VAL2
259,261,S261,RCCZO,Reynolds Creek CZO,Ryan Will,43.21145198,-116.735958,43.21145198,-116.735958,0,0,NA,30,1.74,4,"0,5,10,20", ,23.2000008,-90.8585968,23.2000008,11.4062996,11.6999998,1236.920044,VAL2
260,262,S262,RCCZO,Reynolds Creek CZO,Ryan Will,43.21145291,-116.7357797,43.21145291,-116.7357797,0,0,NA,30,1.486666667,4,"0,5,10,20,30,40,50,60,70,80", ,23.2000008,-81.2043991,23.2000008,11.3469,11.6999998,1237.76001,VAL1
261,263,S263,RCCZO,Reynolds Creek CZO,Ryan Will,43.21164035,-116.7357872,43.21164035,-116.7357872,0,0,NA,30,1.75,4,"0,5,10,20", ,23.2000008,-125.8160019,23.2000008,10.7868004,11.6999998,1237.479981,VAL2
262,264,S264,RCCZO,Reynolds Creek CZO,Ryan Will,43.21164507,-116.7357917,43.21164507,-116.7357917,0,0,NA,30,1.56,4,"0,5,10,20", ,23.2000008,-126.9609985,23.2000008,10.8023996,11.6999998,1237.449951,VAL2
263,265,S265,RCCZO,Reynolds Creek CZO,Ryan Will,43.23447765,-116.7463258,43.23447765,-116.7463258,0,0,NA,30,2.13,4,"0,5,10,20", ,22.1000004,-189.5249939,22.1000004,11.1036997,11.6999998,1161.890015,VAL2
264,266,S266,RCCZO,Reynolds Creek CZO,Ryan Will,43.23448083,-116.7463082,43.23448083,-116.7463082,0,0,NA,30,1.28,4,"0,5,10,20", ,22.1000004,-189.2940063,22.1000004,11.1030998,11.6999998,1161.98999,VAL2
265,267,S267,RCCZO,Reynolds Creek CZO,Ryan Will,43.23448512,-116.7466381,43.23448512,-116.7466381,0,0,NA,30,1.57,4,"0,5,10,20", ,22.1000004,-171.2429962,22.1000004,11.2479,11.6999998,1160.050049,VAL2
266,268,S268,RCCZO,Reynolds Creek CZO,Ryan Will,43.2345539,-116.7461876,43.2345539,-116.7461876,0,0,NA,30,2.43,4,"0,5,10,20", ,22.1000004,-189.9889984,22.1000004,10.9177999,11.6999998,1162.109985,VAL2
267,269,S269,RCCZO,Reynolds Creek CZO,Ryan Will,43.23456973,-116.7461809,43.23456973,-116.7461809,0,0,NA,30,3.42,4,"0,5,10,20", ,22.1000004,-190.4949951,22.1000004,10.9385004,11.6999998,1162.02002,VAL2
268,270,S270,RCCZO,Reynolds Creek CZO,Ryan Will,43.2346462,-116.7466458,43.2346462,-116.7466458,0,0,NA,30,2.14,4,"0,5,10,20", ,22.1000004,-159.4640045,22.1000004,10.7605,11.6999998,1159.459961,VAL2
269,271,S271,RCCZO,Reynolds Creek CZO,Ryan Will,43.23464708,-116.7465339,43.23464708,-116.7465339,0,0,NA,30,0.936666667,4,"0,5,10,20,30,40,50,60,70", ,22.1000004,-166.0359955,22.1000004,10.7837,11.6999998,1160.030029,VAL1
270,272,S272,RCCZO,Reynolds Creek CZO,Ryan Will,43.23464942,-116.7466335,43.23464942,-116.7466335,0,0,NA,30,1.65,4,"0,5,10,20", ,22.1000004,-159.9660034,22.1000004,10.7574997,11.6999998,1159.52002,VAL2
271,273,S273,RCCZO,Reynolds Creek CZO,Ryan Will,43.23466902,-116.7465502,43.23466902,-116.7465502,0,0,NA,30,1.94,4,"0,5,10,20", ,22.1000004,-163.3549957,22.1000004,10.8114996,11.6999998,1159.829956,VAL2
272,274,S274,RCCZO,Reynolds Creek CZO,Ryan Will,43.24379682,-116.7069664,43.24379682,-116.7069664,0,0,NA,30,1.38,4,"0,5,10,20", ,12.3000002,-270.9429932,12.3000002,10.9653997,11.6999998,1289.630005,VAL2
273,275,S275,RCCZO,Reynolds Creek CZO,Ryan Will,43.24381094,-116.7069646,43.24381094,-116.7069646,0,0,NA,30,1.37,4,"0,5,10,20", ,12.3000002,-269.9020081,12.3000002,10.9443998,11.6999998,1289.619995,VAL2
274,276,S276,RCCZO,Reynolds Creek CZO,Ryan Will,43.24391588,-116.7288696,43.24391588,-116.7288696,0,0,NA,30,1.91,4,"0,5,10,20", ,12.3000002,-235.6100006,12.3000002,9.7424402,11.6999998,1193.969971,VAL2
275,277,S277,RCCZO,Reynolds Creek CZO,Ryan Will,43.24392032,-116.7288449,43.24392032,-116.7288449,0,0,NA,30,2.93,4,"0,5,10,20", ,12.3000002,-235.1750031,12.3000002,9.6922798,11.6999998,1194.380005,VAL2
276,278,S278,RCCZO,Reynolds Creek CZO,Ryan Will,43.24392694,-116.7067348,43.24392694,-116.7067348,0,0,NA,30,1.68,4,"0,5,10,20", ,12.3000002,-240.6759949,12.3000002,11.3702002,11.6999998,1291.479981,VAL2
277,279,S279,RCCZO,Reynolds Creek CZO,Ryan Will,43.24393796,-116.7067449,43.24393796,-116.7067449,0,0,NA,30,1.18,4,"0,5,10,20", ,12.3000002,-238.901001,12.3000002,11.4035997,11.6999998,1291.410034,VAL2
26,28,S28,RCCZO,Reynolds Creek CZO,Ryan Will,43.06860989,-116.790015,43.06860989,-116.790015,0,0,NA,30,5.736666667,4,"0,5,10,20,30,40", ,12.6,1031.979981,19.7000008,9.3511295,46.7999992,2037.099976,CAL
278,280,S280,RCCZO,Reynolds Creek CZO,Ryan Will,43.24395662,-116.7293456,43.24395662,-116.7293456,0,0,NA,30,2.41,4,"0,5,10,20", ,12.3000002,-223.4429932,12.3000002,11.4541998,11.6999998,1187.119995,VAL2
279,281,S281,RCCZO,Reynolds Creek CZO,Ryan Will,43.2439611,-116.7293333,43.2439611,-116.7293333,0,0,NA,30,3.1,4,"0,5,10,20", ,12.3000002,-223.3399963,12.3000002,11.4642,11.6999998,1187.189941,VAL2
280,282,S282,RCCZO,Reynolds Creek CZO,Ryan Will,43.24398128,-116.7067972,43.24398128,-116.7067972,0,0,NA,30,1.6,4,"0,5,10,20", ,12.3000002,-232.0130005,12.3000002,11.4427996,11.6999998,1291.079956,VAL2
281,283,S283,RCCZO,Reynolds Creek CZO,Ryan Will,43.24409149,-116.7067556,43.24409149,-116.7067556,0,0,NA,30,1.34,4,"0,5,10,20", ,12.3000002,-238.6069946,12.3000002,11.2809,11.6999998,1291.839966,VAL2
282,284,S284,RCCZO,Reynolds Creek CZO,Ryan Will,43.24410213,-116.7067448,43.24410213,-116.7067448,0,0,NA,30,1.22,4,"0,5,10,20", ,12.3000002,-240.6329956,12.3000002,11.2632999,11.6999998,1291.98999,VAL2
283,285,S285,RCCZO,Reynolds Creek CZO,Ryan Will,43.24410994,-116.7290631,43.24410994,-116.7290631,0,0,NA,30,3.34,4,"0,5,10,20", ,12.3000002,-185.3800049,12.3000002,11.0771999,11.6999998,1189.969971,VAL2
284,286,S286,RCCZO,Reynolds Creek CZO,Ryan Will,43.24411543,-116.7065993,43.24411543,-116.7065993,0,0,NA,30,1.47,4,"0,5,10,20", ,12.3000002,-249.5399933,12.3000002,11.3036003,11.6999998,1293.560059,VAL2
285,287,S287,RCCZO,Reynolds Creek CZO,Ryan Will,43.24412655,-116.7065883,43.24412655,-116.7065883,0,0,NA,30,1.13,4,"0,5,10,20", ,12.3000002,-250.9100037,12.3000002,11.2852001,11.6999998,1293.709961,VAL2
286,288,S288,RCCZO,Reynolds Creek CZO,Ryan Will,43.24415966,-116.728996,43.24415966,-116.728996,0,0,NA,30,1.89,4,"0,5,10,20", ,12.3000002,-170.4850006,12.3000002,11.3218002,11.6999998,1190.140015,VAL2
287,289,S289,RCCZO,Reynolds Creek CZO,Ryan Will,43.24416869,-116.7290052,43.24416869,-116.7290052,0,0,NA,30,1.48,4,"0,5,10,20", ,12.3000002,-169.2460022,12.3000002,11.4734001,11.6999998,1190.119995,VAL2
288,290,S290,RCCZO,Reynolds Creek CZO,Ryan Will,43.24427134,-116.7290812,43.24427134,-116.7290812,0,0,NA,30,1.52,4,"0,5,10,20", ,12.3000002,-147.3630066,12.3000002,12.4014997,11.6999998,1191.459961,VAL2
289,291,S291,RCCZO,Reynolds Creek CZO,Ryan Will,43.24427805,-116.7290627,43.24427805,-116.7290627,0,0,NA,30,1.72,4,"0,5,10,20", ,12.3000002,-146.4129944,12.3000002,12.4158001,11.6999998,1191.579956,VAL2
290,292,S292,RCCZO,Reynolds Creek CZO,Ryan Will,43.24719902,-116.7379187,43.24719902,-116.7379187,0,0,NA,30,0.88,4,"0,5,10,20", ,11.3001003,-128.227005,11.3001003,12.6041002,11.6999998,1150.27002,VAL2
291,293,S293,RCCZO,Reynolds Creek CZO,Ryan Will,43.24720581,-116.737931,43.24720581,-116.737931,0,0,NA,30,0.94,4,"0,5,10,20", ,11.3000002,-126.8659973,11.3000002,12.6363001,11.6999998,1150.430054,VAL2
292,294,S294,RCCZO,Reynolds Creek CZO,Ryan Will,43.24722035,-116.7379919,43.24722035,-116.7379919,0,0,NA,30,0.55,4,"0,5,10,20", ,11.3000002,-119.2429962,11.3000002,12.5407,11.6999998,1150.77002,VAL2
293,295,S295,RCCZO,Reynolds Creek CZO,Ryan Will,43.24722932,-116.7379734,43.24722932,-116.7379734,0,0,NA,30,0.71,4,"0,5,10,20", ,11.3000002,-122.663002,11.3000002,12.5579996,11.6999998,1150.959961,VAL2
294,296,S296,RCCZO,Reynolds Creek CZO,Ryan Will,43.24730009,-116.7379724,43.24730009,-116.7379724,0,0,NA,30,0.696666667,4,"0,5,10,20,30,40,50,60,70,80,90", ,11.3000002,-128.9889984,11.3000002,12.5510998,11.6999998,1151.930054,VAL1
295,297,S297,RCCZO,Reynolds Creek CZO,Ryan Will,43.24730456,-116.73796,43.24730456,-116.73796,0,0,NA,30,1.29,4,"0,5,10,20", ,11.3000002,-130.753006,11.3000002,12.5774002,11.6999998,1152.01001,VAL2
296,298,S298,RCCZO,Reynolds Creek CZO,Ryan Will,43.24731557,-116.7379763,43.24731557,-116.7379763,0,0,NA,30,0.52,4,"0,5,10,20", ,11.3000002,-129.9290009,11.3000002,12.5516996,11.6999998,1152.079956,VAL2
297,299,S299,RCCZO,Reynolds Creek CZO,Ryan Will,43.24731649,-116.7379857,43.24731649,-116.7379857,0,0,NA,30,0.71,4,"0,5,10,20", ,11.3000002,-129.0119934,11.3000002,12.5346003,11.6999998,1152.069946,VAL2
298,300,S300,RCCZO,Reynolds Creek CZO,Ryan Will,43.24739609,-116.7382894,43.24739609,-116.7382894,0,0,NA,30,0.5,4,"0,5,10,20", ,11.3000002,-121.8430023,11.3000002,12.1128998,11.6999998,1153,VAL2
299,301,S301,RCCZO,Reynolds Creek CZO,Ryan Will,43.2474073,-116.7382709,43.2474073,-116.7382709,0,0,NA,30,0.26,4,"0,5,10,20", ,11.3000002,-123.5830002,11.3000002,12.0843,11.6999998,1153.119995,VAL2
301,302,S302,RCCZO,Reynolds Creek CZO,Ryan Will,43.25420515,-116.7064032,43.25420515,-116.7064032,0,0,NA,30,2.15,4,"0,5,10,20", ,21.7999992,-138.5070038,21.7999992,10.7955999,11.6999998,1290.290039,VAL2
302,303,S303,RCCZO,Reynolds Creek CZO,Ryan Will,43.25420945,-116.7064136,43.25420945,-116.7064136,0,0,NA,30,1.93,4,"0,5,10,20", ,21.7999992,-139.4530029,21.7999992,10.8853998,11.6999998,1290.199951,VAL2
303,304,S304,RCCZO,Reynolds Creek CZO,Ryan Will,43.25437144,-116.7063619,43.25437144,-116.7063619,0,0,NA,30,1.9,4,"0,5,10,20", ,21.7999992,-146.5970001,21.7999992,10.3474998,11.6999998,1290.790039,VAL2
304,305,S305,RCCZO,Reynolds Creek CZO,Ryan Will,43.25439319,-116.7063661,43.25439319,-116.7063661,0,0,NA,30,1.96,4,"0,5,10,20,30,40,50,60,70,80,90", ,21.7999992,-149.4850006,21.7999992,10.184,11.6999998,1290.410034,VAL1
305,306,S306,RCCZO,Reynolds Creek CZO,Ryan Will,43.25441711,-116.7065198,43.25441711,-116.7065198,0,0,NA,30,1.29,4,"0,5,10,20", ,21.7999992,-161.9759979,21.7999992,10.0367002,11.6999998,1288.780029,VAL2
306,307,S307,RCCZO,Reynolds Creek CZO,Ryan Will,43.25442168,-116.7065327,43.25442168,-116.7065327,0,0,NA,30,1.28,4,"0,5,10,20", ,21.7999992,-162.9400024,21.7999992,9.9312897,11.6999998,1288.459961,VAL2
307,308,S308,RCCZO,Reynolds Creek CZO,Ryan Will,43.25443275,-116.7062516,43.25443275,-116.7062516,0,0,NA,30,2.52,4,"0,5,10,20", ,21.7999992,-134.5980072,21.7999992,10.0391998,11.6999998,1290.910034,VAL2
308,309,S309,RCCZO,Reynolds Creek CZO,Ryan Will,43.25443284,-116.7062621,43.25443284,-116.7062621,0,0,NA,30,2.11,4,"0,5,10,20", ,21.7999992,-136.3549957,21.7999992,10.0214996,11.6999998,1290.790039,VAL2
309,310,S310,RCCZO,Reynolds Creek CZO,Ryan Will,43.2545669,-116.7065662,43.2545669,-116.7065662,0,0,NA,30,1.9,4,"0,5,10,20", ,21.7999992,-166.4309998,21.7999992,9.7785101,11.6999998,1286.079956,VAL2
310,311,S311,RCCZO,Reynolds Creek CZO,Ryan Will,43.25457665,-116.7065627,43.25457665,-116.7065627,0,0,NA,30,2.53,4,"0,5,10,20", ,21.7999992,-164.9100037,21.7999992,9.81357,11.6999998,1285.969971,VAL2
311,312,S312,RCCZO,Reynolds Creek CZO,Ryan Will,43.25856136,-116.7755553,43.25856136,-116.7755553,0,0,NA,30,1.67,4,"0,5,10,20", ,29.7000008,-172.1089935,29.7000008,12.3797998,11.6999998,1217.689941,VAL2
312,313,S313,RCCZO,Reynolds Creek CZO,Ryan Will,43.25856814,-116.7755676,43.25856814,-116.7755676,0,0,NA,30,1.11,4,"0,5,10,20", ,29.7000008,-172.0570068,29.7000008,12.3862,11.6999998,1217.780029,VAL2
313,314,S314,RCCZO,Reynolds Creek CZO,Ryan Will,43.25864945,-116.775703,43.25864945,-116.775703,0,0,NA,30,1.91,4,"0,5,10,20", ,29.7000008,-171.9989929,29.7000008,12.4575005,11.6999998,1218.069946,VAL2
314,315,S315,RCCZO,Reynolds Creek CZO,Ryan Will,43.25865197,-116.7756558,43.25865197,-116.7756558,0,0,NA,30,1.47,4,"0,5,10,20", ,29.7000008,-171.6009979,29.7000008,12.4345999,11.6999998,1218.73999,VAL2
315,316,S316,RCCZO,Reynolds Creek CZO,Ryan Will,43.25865849,-116.7757214,43.25865849,-116.7757214,0,0,NA,30,1.74,4,"0,5,10,20", ,29.7000008,-172.0899963,29.7000008,12.4538002,11.6999998,1218.050049,VAL2
316,317,S317,RCCZO,Reynolds Creek CZO,Ryan Will,43.25866095,-116.7756434,43.25866095,-116.7756434,0,0,NA,30,1.226666667,4,"0,5,10,20,30,40", ,29.7000008,-171.4100037,29.7000008,12.4252005,11.6999998,1219.109985,VAL1
317,318,S318,RCCZO,Reynolds Creek CZO,Ryan Will,43.25880873,-116.7756971,43.25880873,-116.7756971,0,0,NA,30,1.24,4,"0,5,10,20", ,29.7000008,-171.4230042,29.7000008,12.3239002,11.6999998,1220.800049,VAL2
318,319,S319,RCCZO,Reynolds Creek CZO,Ryan Will,43.25881776,-116.7757094,43.25881776,-116.7757094,0,0,NA,30,1.73,4,"0,5,10,20", ,29.7000008,-171.6269989,29.7000008,12.3170004,11.6999998,1220.869995,VAL2
319,320,S320,RCCZO,Reynolds Creek CZO,Ryan Will,43.25886706,-116.775505,43.25886706,-116.775505,0,0,NA,30,1.09,4,"0,5,10,20", ,29.7000008,-170.1820068,29.7000008,12.3198996,11.6999998,1223.469971,VAL2
320,321,S321,RCCZO,Reynolds Creek CZO,Ryan Will,43.25887248,-116.7755112,43.25887248,-116.7755112,0,0,NA,30,1.37,4,"0,5,10,20", ,29.7000008,-170.3269958,29.7000008,12.3183002,11.6999998,1223.560059,VAL2
321,322,S322,RCCZO,Reynolds Creek CZO,Ryan Will,43.27946818,-116.8086865,43.27946818,-116.8086865,0,0,NA,30,2.55,4,"0,5,10,20", ,30.1000004,33.1627998,30.1000004,5.60746,11.6999998,1394.209961,VAL2
322,323,S323,RCCZO,Reynolds Creek CZO,Ryan Will,43.27947271,-116.8086988,43.27947271,-116.8086988,0,0,NA,30,2.45,4,"0,5,10,20", ,30.1000004,37.2120018,30.1000004,5.6465201,11.6999998,1393.900024,VAL2
323,324,S324,RCCZO,Reynolds Creek CZO,Ryan Will,43.27954562,-116.8085217,43.27954562,-116.8085217,0,0,NA,30,5.13,4,"0,5,10,20", ,30.1000004,50.9151993,30.1000004,5.85811,11.6999998,1390.199951,VAL2
324,325,S325,RCCZO,Reynolds Creek CZO,Ryan Will,43.27955461,-116.8085155,43.27955461,-116.8085155,0,0,NA,30,5.58,4,"0,5,10,20", ,30.1000004,52.3046989,30.1000004,5.8779001,11.6999998,1389.949951,VAL2
325,326,S326,RCCZO,Reynolds Creek CZO,Ryan Will,43.27962448,-116.8085631,43.27962448,-116.8085631,0,0,NA,30,4.44,4,"0,5,10,20", ,30.1000004,60.5960007,30.1000004,5.9624701,11.6999998,1387.810059,VAL2
326,327,S327,RCCZO,Reynolds Creek CZO,Ryan Will,43.27964203,-116.8083997,43.27964203,-116.8083997,0,0,NA,30,3.95,4,"0,5,10,20", ,30.1000004,62.3543015,30.1000004,6.1103702,11.6999998,1387.280029,VAL2
327,328,S328,RCCZO,Reynolds Creek CZO,Ryan Will,43.27964385,-116.808412,43.27964385,-116.808412,0,0,NA,30,3.86,4,"0,5,10,20", ,30.1000004,62.4308014,30.1000004,6.10044,11.6999998,1387.160034,VAL2
328,329,S329,RCCZO,Reynolds Creek CZO,Ryan Will,43.27973743,-116.8086913,43.27973743,-116.8086913,0,0,NA,30,4.23,4,"0,5,10,20", ,30.1000004,77.8732986,30.1000004,6.6839399,11.6999998,1381.920044,VAL2
329,330,S330,RCCZO,Reynolds Creek CZO,Ryan Will,43.27974419,-116.8086944,43.27974419,-116.8086944,0,0,NA,30,4.03,4,"0,5,10,20", ,30.1000004,79.1163025,30.1000004,6.74296,11.6999998,1381.609985,VAL2
330,331,S331,RCCZO,Reynolds Creek CZO,Ryan Will,43.28640106,-116.7787408,43.28640106,-116.7787408,0,0,NA,30,3.54,4,"0,5,10,20", ,29.5611,-44.0536003,29.5611,12.0326996,11.6999998,1381.369995,VAL2
331,332,S332,RCCZO,Reynolds Creek CZO,Ryan Will,43.2864033,-116.7787346,43.2864033,-116.7787346,0,0,NA,30,3.35,4,"0,5,10,20", ,29.5405998,-44.6903,29.5405998,12.0269003,11.6999998,1381.430054,VAL2
332,333,S333,RCCZO,Reynolds Creek CZO,Ryan Will,43.28646533,-116.7785884,43.28646533,-116.7785884,0,0,NA,30,1.96,4,"0,5,10,20", ,27.3857002,-53.9618988,27.3857002,11.7587996,11.6999998,1382.540039,VAL2
333,334,S334,RCCZO,Reynolds Creek CZO,Ryan Will,43.28647435,-116.7785946,43.28647435,-116.7785946,0,0,NA,30,1.98,4,"0,5,10,20", ,27.3967991,-54.4524994,27.3967991,11.7370005,11.6999998,1382.689941,VAL2
334,335,S335,RCCZO,Reynolds Creek CZO,Ryan Will,43.28649973,-116.7786831,43.28649973,-116.7786831,0,0,NA,30,3.25,4,"0,5,10,20", ,28.5335007,-50.1258011,28.5335007,11.6581001,11.6999998,1383.280029,VAL2
335,336,S336,RCCZO,Reynolds Creek CZO,Ryan Will,43.28654277,-116.778822,43.28654277,-116.778822,0,0,NA,30,2.49,4,"0,5,10,20", ,29.7248001,-54.4290009,29.7248001,11.6964998,11.6999998,1383.630005,VAL2
336,337,S337,RCCZO,Reynolds Creek CZO,Ryan Will,43.28654725,-116.7788096,43.28654725,-116.7788096,0,0,NA,30,1.94,4,"0,5,10,20", ,29.6441002,-54.4883995,29.6441002,11.6824999,11.6999998,1383.660034,VAL2
337,338,S338,RCCZO,Reynolds Creek CZO,Ryan Will,43.28658903,-116.7785298,43.28658903,-116.7785298,0,0,NA,30,3.14,4,"0,5,10,20", ,26.9090004,-73.6046982,26.9090004,11.7105999,11.6999998,1383.910034,VAL2
39,41,S41,RCCZO,Reynolds Creek CZO,Ryan Will,43.19101239,-116.7814212,43.19101239,-116.7814212,0,0,NA,30,2.511666667,4,"0,5,10,20,30,40,50,60,70,80,90", ,15.515,153.378006,21.7999992,11.5053997,11.6999998,1311.390015,CAL
43,45,S45,RCCZO,Reynolds Creek CZO,Ryan Will,43.24398495,-116.7068239,43.24398495,-116.7068239,0,0,NA,30,1.46,4,"0,5,10,20,30,40,50", ,17.30166667,-236.0650024,12.3000002,11.4532003,11.6999998,1290.98999,CAL
52,54,S54,RCCZO,Reynolds Creek CZO,Ryan Will,43.07839329,-116.8259093,43.07839329,-116.8259093,0,0,NA,30,2.696666667,4,"0,5,10,20", ,18.98,1065.51001,20.3999996,7.69876,11.6999998,2162.870117,VAL2
62,64,S64,RCCZO,Reynolds Creek CZO,Ryan Will,43.08370516,-116.74241,43.08370516,-116.74241,0,0,NA,30,4.78,4,"0,5,10,20,30,40,50,60", ,22.08166667,233.522995,24.6000004,10.0670996,11.6999998,1937.819946,CAL
64,66,S66,RCCZO,Reynolds Creek CZO,Ryan Will,43.14386556,-116.7355844,43.14386556,-116.7355844,0,0,NA,30,3.363333333,4,"0,5,10,20,30,40,50,60,70,80", ,23.23333333,-96.3043976,29.3999996,10.4923,11.6999998,1619.079956,CAL
67,69,S69,RCCZO,Reynolds Creek CZO,Ryan Will,43.1504882,-116.7093924,43.1504882,-116.7093924,0,0,NA,30,1.54,4,"0,5,10,20,30,40,50,60,70,80", ,29.4,-129.0879974,29.8999996,11.3295002,11.6999998,1622.660034,CAL
74,76,S76,RCCZO,Reynolds Creek CZO,Ryan Will,43.06432248,-116.7487078,43.06432248,-116.7487078,0,0,NA,30,4.04,4,"0,5,10,20", ,20.5,382.1520081,20.5,8.0910597,11.6999998,2111.580078,VAL2
75,77,S77,RCCZO,Reynolds Creek CZO,Ryan Will,43.06432765,-116.7486973,43.06432765,-116.7486973,0,0,NA,30,3.97,4,"0,5,10,20", ,20.5,381.2820129,20.5,8.0771399,11.6999998,2111.570068,VAL2
76,78,S78,RCCZO,Reynolds Creek CZO,Ryan Will,43.06445426,-116.7489367,43.06445426,-116.7489367,0,0,NA,30,4.02,4,"0,5,10,20", ,20.5,429.7590027,20.5,8.1822004,11.6999998,2109.830078,VAL2
77,79,S79,RCCZO,Reynolds Creek CZO,Ryan Will,43.06445505,-116.7485868,43.06445505,-116.7485868,0,0,NA,30,4.83,4,"0,5,10,20", ,20.5,362.0429993,20.5,7.9433599,11.6999998,2110.719971,VAL2
78,80,S80,RCCZO,Reynolds Creek CZO,Ryan Will,43.06445829,-116.7489253,43.06445829,-116.7489253,0,0,NA,30,4.12,4,"0,5,10,20", ,20.5,429.4299927,20.5,8.1781101,11.6999998,2109.830078,VAL2
79,81,S81,RCCZO,Reynolds Creek CZO,Ryan Will,43.06453203,-116.7485646,43.06453203,-116.7485646,0,0,NA,30,4.37,4,"0,5,10,20", ,20.5,372.3190002,20.5,7.87957,11.6999998,2109.840088,VAL2
80,82,S82,RCCZO,Reynolds Creek CZO,Ryan Will,43.06453904,-116.7485657,43.06453904,-116.7485657,0,0,NA,30,6.12,4,"0,5,10,20", ,20.5,374.5469971,20.5,7.87325,11.6999998,2109.73999,VAL2
81,83,S83,RCCZO,Reynolds Creek CZO,Ryan Will,43.06462153,-116.7484603,43.06462153,-116.7484603,0,0,NA,30,4.86,4,"0,5,10,20", ,20.5,382.6329956,20.5,7.7067599,11.6999998,2108.820068,VAL2
82,84,S84,RCCZO,Reynolds Creek CZO,Ryan Will,43.06462765,-116.7484621,43.06462765,-116.7484621,0,0,NA,30,5.23,4,"0,5,10,20", ,20.5,384.4660034,20.5,7.6893702,11.6999998,2108.719971,VAL2
83,85,S85,RCCZO,Reynolds Creek CZO,Ryan Will,43.06615759,-116.7596067,43.06615759,-116.7596067,0,0,NA,30,3.98,4,"0,5,10,20", ,20.6996994,1010.630005,20.6996994,8.2933397,11.6999998,2090.659912,VAL2
84,86,S86,RCCZO,Reynolds Creek CZO,Ryan Will,43.06616154,-116.7596188,43.06616154,-116.7596188,0,0,NA,30,3.12,4,"0,5,10,20", ,20.6998005,1008.98999,20.6998005,8.2931805,11.6999998,2090.590088,VAL2
85,87,S87,RCCZO,Reynolds Creek CZO,Ryan Will,43.06628002,-116.7595712,43.06628002,-116.7595712,0,0,NA,30,2.69,4,"0,5,10,20", ,20.7000008,1066.810059,20.7000008,8.4491596,11.6999998,2089.310059,VAL2
86,88,S88,RCCZO,Reynolds Creek CZO,Ryan Will,43.06628867,-116.7595594,43.06628867,-116.7595594,0,0,NA,30,2.64,4,"0,5,10,20", ,20.7000008,1068.26001,20.7000008,8.4423504,11.6999998,2089.25,VAL2
87,89,S89,RCCZO,Reynolds Creek CZO,Ryan Will,43.06630099,-116.7597859,43.06630099,-116.7597859,0,0,NA,30,2.89,4,"0,5,10,20", ,20.7000008,977.4790039,20.7000008,8.3277597,11.6999998,2088.129883,VAL2
88,90,S90,RCCZO,Reynolds Creek CZO,Ryan Will,43.06630299,-116.7598021,43.06630299,-116.7598021,0,0,NA,30,3.33,4,"0,5,10,20", ,20.7000008,969.1599731,20.7000008,8.3376799,11.6999998,2088,VAL2
89,91,S91,RCCZO,Reynolds Creek CZO,Ryan Will,43.06631224,-116.7597087,43.06631224,-116.7597087,0,0,NA,30,2.826666667,4,"0,5,10,20,30,40", ,20.7000008,1020.51001,20.7000008,8.2816,11.6999998,2088.590088,VAL1
90,92,S92,RCCZO,Reynolds Creek CZO,Ryan Will,43.06634097,-116.7597093,43.06634097,-116.7597093,0,0,NA,30,2.65,4,"0,5,10,20", ,20.7000008,1027,20.7000008,8.2723703,11.6999998,2088.409912,VAL2
91,93,S93,RCCZO,Reynolds Creek CZO,Ryan Will,43.06634802,-116.7599298,43.06634802,-116.7599298,0,0,NA,30,2.93,4,"0,5,10,20", ,20.7000008,894.9619751,20.7000008,8.3442497,11.6999998,2087.01001,VAL2
92,94,S94,RCCZO,Reynolds Creek CZO,Ryan Will,43.06635071,-116.7599243,43.06635071,-116.7599243,0,0,NA,30,3.15,4,"0,5,10,20", ,20.7000008,897.8930054,20.7000008,8.3410902,11.6999998,2087.02002,VAL2
93,95,S95,RCCZO,Reynolds Creek CZO,Ryan Will,43.06850393,-116.790083,43.06850393,-116.790083,0,0,NA,30,3.56,4,"0,5,10,20", ,19.7000008,972.5479736,19.7000008,7.3255401,46.7999992,2038.219971,VAL2
94,96,S96,RCCZO,Reynolds Creek CZO,Ryan Will,43.06850577,-116.7901014,43.06850577,-116.7901014,0,0,NA,30,4.97,4,"0,5,10,20", ,19.7000008,983.2949829,19.7000008,7.3373699,46.7999992,2038.209961,VAL2
95,97,S97,RCCZO,Reynolds Creek CZO,Ryan Will,43.06857865,-116.7901687,43.06857865,-116.7901687,0,0,NA,30,5.22,4,"0,5,10,20", ,19.7000008,1118.650024,19.7000008,7.7870498,46.7999992,2037.369995,VAL2
96,98,S98,RCCZO,Reynolds Creek CZO,Ryan Will,43.06858317,-116.7901748,43.06858317,-116.7901748,0,0,NA,30,4.65,4,"0,5,10,20", ,19.7000008,1128.310059,19.7000008,7.81319,46.7999992,2037.329956,VAL2
97,99,S99,RCCZO,Reynolds Creek CZO,Ryan Will,43.06859708,-116.7899059,43.06859708,-116.7899059,0,0,NA,30,6.18,4,"0,5,10,20", ,19.7000008,932.2299805,19.7000008,9.3942003,46.7999992,2037.719971,VAL2
13,15,S15,RCCZO,Reynolds Creek CZO,Nicholas R. Patton,43.12971095,-116.7934963,43.12971095,-116.7934963,0,0,NA,30,7.17,4,"0,5,10,20,30,50,75,100,125", ,11.26,866.3049927,10.5,9.9629402,11.6999998,1787.5,CAL
14,16,S16,RCCZO,Reynolds Creek CZO,Nicholas R. Patton,43.20529592,-116.7506016,43.20529592,-116.7506016,0,0,NA,30,1.348333333,4,"0,5,10,20,32,63,80,105,127,156,176,200,230",trim: loess approx to 30 cm,11.260625,-20.493,25.7999992,10.8393002,11.6999998,1201.910034,CAL
15,17,S17,RCCZO,Reynolds Creek CZO,Nicholas R. Patton,43.12565165,-116.7811645,43.12565165,-116.7811645,0,0,NA,30,1.793125,2,"0,7",trim: cut to 30 cm,11.43563636,394.95401,14.3000002,11.1189003,11.6999998,1608.390015,CAL
16,18,S18,RCCZO,Reynolds Creek CZO,Nicholas R. Patton,43.24720654,-116.7071648,43.24720654,-116.7071648,0,0,NA,30,0.68,4,"0,5,10,20,30,50,75,85,130,142,172,190,225", ,11.63333333,-212.5399933,12.3000002,11.2952003,11.6999998,1283.98999,CAL
17,19,S19,RCCZO,Reynolds Creek CZO,Nicholas R. Patton,43.06815056,-116.7584612,43.06815056,-116.7584612,0,0,NA,30,10.3,4,"0,5,10,20,30,41,50", ,11.77166667,1159.089966,20.7000008,7.6005998,11.6999998,2062.73999,CAL
1,2,S2,RCCZO,Reynolds Creek CZO,Nicholas R. Patton,43.11980227,-116.722923,43.11980227,-116.722923,0,0,NA,30,5.56,4,"0,5,10,20,30,50,75,89,126,142,175,192", ,6.333333333,517.4790039,22.2999992,7.6586399,15.5909996,1904.75,CAL
18,20,S20,RCCZO,Reynolds Creek CZO,Nicholas R. Patton,43.06520205,-116.7593348,43.06520205,-116.7593348,0,0,NA,30,2.906666667,4,"0,5,10,20,32,55",trim: loess approx to 30 cm,11.87875,300.5150146,20.5,9.34935,11.6999998,2094.790039,CAL
20,22,S22,RCCZO,Reynolds Creek CZO,Nicholas R. Patton,43.19273015,-116.8149283,43.19273015,-116.8149283,0,0,NA,30,2.73,4,"0,5,10,20,30,42,65", ,12.28333333,287.8999939,14.3000002,9.3677101,11.6999998,1657.01001,CAL
21,23,S23,RCCZO,Reynolds Creek CZO,Nicholas R. Patton,43.12385697,-116.7800245,43.12385697,-116.7800245,0,0,NA,30,3.462142857,2,"0,12,40,90",trim: cut to 30 cm,12.293,414.5589905,14.3000002,11.9081001,11.6999998,1549.530029,CAL
23,25,S25,RCCZO,Reynolds Creek CZO,Nicholas R. Patton,43.13301998,-116.7920531,43.13301998,-116.7920531,0,0,NA,30,6.83,4,"0,5,10,20,30,50,75", ,12.33166667,179.802002,14.3000002,9.8768396,11.6999998,1808.829956,CAL
25,27,S27,RCCZO,Reynolds Creek CZO,Nicholas R. Patton,43.19159234,-116.8095646,43.19159234,-116.8095646,0,0,NA,30,4.628947368,4,"0,5,10,20",trim: loess approx to 30 cm,12.44717949,365.4200134,14.3000002,6.9818702,11.6999998,1600.76001,CAL
27,29,S29,RCCZO,Reynolds Creek CZO,Nicholas R. Patton,43.12349175,-116.7874879,43.12349175,-116.7874879,0,0,NA,30,10.23648649,2,"0,8,45,85,100",trim: cut to 30 cm,12.678,1169.189941,14.3000002,5.5837402,11.6999998,1616.52002,OUT
2,3,S3,RCCZO,Reynolds Creek CZO,Nicholas R. Patton,43.18866189,-116.8130672,43.18866189,-116.8130672,0,0,NA,30,5.91,4,"0,5,10,20,30,50", ,7.375,238.8560028,19.8950996,9.4678097,11.6999998,1649.530029,CAL
28,30,S30,RCCZO,Reynolds Creek CZO,Nicholas R. Patton,43.18077561,-116.7145575,43.18077561,-116.7145575,0,0,NA,30,2.199230769,5,"0,5,15,18,29,42,53,71,83,96,106,116,126,136,146,156",trim: loess approx to 30 cm,13.10452381,0.631347,17.8999996,10.4433002,11.6999998,1348.640015,CAL
29,31,S31,RCCZO,Reynolds Creek CZO,Nicholas R. Patton,43.12421955,-116.7895852,43.12421955,-116.7895852,0,0,NA,30,3.017142857,2,"0,25",trim: cut to 30 cm,13.48833333,389.9700012,14.3000002,11.2613001,11.6999998,1667.420044,CAL
30,32,S32,RCCZO,Reynolds Creek CZO,Nicholas R. Patton,43.12752508,-116.7925417,43.12752508,-116.7925417,0,0,NA,30,5.023333333,2,"0,20,50",trim: cut to 30 cm,13.516,601.0980225,10.5,10.6028996,11.6999998,1749.359985,OUT
31,33,S33,RCCZO,Reynolds Creek CZO,Nicholas R. Patton,43.12416094,-116.7826214,43.12416094,-116.7826214,0,0,NA,30,3.03,4,"0,5,10,20,30,50", ,13.725,545.0159912,14.3000002,11.1452999,11.6999998,1570.189941,CAL
32,34,S34,RCCZO,Reynolds Creek CZO,Nicholas R. Patton,43.1242439,-116.7916884,43.1242439,-116.7916884,0,0,NA,30,3.431090909,2,"0,13,68,100,125",trim: cut to 30 cm,13.98132353,600.0189819,10.5,11.5906,11.6999998,1695.979981,OUT
33,35,S35,RCCZO,Reynolds Creek CZO,Nicholas R. Patton,43.1220937,-116.7801683,43.1220937,-116.7801683,0,0,NA,30,4.92,3,"0,10,20,30,50,75", ,14.08333333,612.3400269,14.3000002,7.7888899,11.6999998,1584.890015,CAL
34,36,S36,RCCZO,Reynolds Creek CZO,Nicholas R. Patton,43.19214026,-116.8079732,43.19214026,-116.8079732,0,0,NA,30,8.67,4,"0,5,10,20,30,50,77,102,138,150,175", ,14.18166667,379.1430054,14.3000002,6.73283,11.6999998,1562.069946,CAL
35,37,S37,RCCZO,Reynolds Creek CZO,Nicholas R. Patton,43.12667447,-116.7868472,43.12667447,-116.7868472,0,0,NA,30,3.17,4,"0,5,10,20,30,50", ,14.255,525.0319824,14.3000002,11.8634005,11.6999998,1711.01001,CAL
36,38,S38,RCCZO,Reynolds Creek CZO,Nicholas R. Patton,43.19243739,-116.8066319,43.19243739,-116.8066319,0,0,NA,30,5.67,4,"0,5,10,20,30", ,14.655,252.7100067,14.3000002,7.66081,11.6999998,1556.089966,CAL
37,39,S39,RCCZO,Reynolds Creek CZO,Nicholas R. Patton,43.12449119,-116.794308,43.12449119,-116.794308,0,0,NA,30,12.5,4,"0,5,10,20,30,50,75,100", ,14.86333333,1661.640015,20.3999996,8.5339699,15.8590002,1738.359985,CAL
3,4,S4,RCCZO,Reynolds Creek CZO,Nicholas R. Patton,43.19347351,-116.810691,43.19347351,-116.810691,0,0,NA,30,1.759411765,4,"0,5,10,20",trim: loess approx to 30 cm,9.932162162,193.5010071,14.3000002,12.2800999,11.6999998,1592.23999,CAL
38,40,S40,RCCZO,Reynolds Creek CZO,Nicholas R. Patton,43.12303738,-116.7856704,43.12303738,-116.7856704,0,0,NA,30,5.821428571,2,"0,15,50,85",trim: cut to 30 cm,15.234,804.0570068,14.3000002,6.0898199,11.6999998,1613.140015,OUT
40,42,S42,RCCZO,Reynolds Creek CZO,Nicholas R. Patton,43.11716535,-116.7257274,43.11716535,-116.7257274,0,0,NA,30,7.66,4,"0,5,10,20,30,50,70,90", ,15.65333333,631.223999,22.2999992,7.9834599,11.6999998,1915.540039,CAL
41,43,S43,RCCZO,Reynolds Creek CZO,Nicholas R. Patton,43.06447579,-116.7485631,43.06447579,-116.7485631,0,0,NA,30,9.16,4,"0,5,10,20,30,40,50,60,70,80,90,100", ,15.70833333,355.7160034,20.5,7.9335999,11.6999998,2110.649902,CAL
42,44,S44,RCCZO,Reynolds Creek CZO,Nicholas R. Patton,43.12303246,-116.7927984,43.12303246,-116.7927984,0,0,NA,30,9.827142857,2,"0,10,45,70,100",trim: cut to 30 cm,15.81888889,1697.920044,20.3999996,7.5053802,11.6999998,1729.900024,OUT
45,47,S47,RCCZO,Reynolds Creek CZO,Nicholas R. Patton,43.12875942,-116.7929445,43.12875942,-116.7929445,0,0,NA,30,7.027777778,2,"0,23,50,75",trim: cut to 30 cm,17.443,591.59198,10.5,10.5836,11.6999998,1775.26001,CAL
46,48,S48,RCCZO,Reynolds Creek CZO,Nicholas R. Patton,43.12317978,-116.7878097,43.12317978,-116.7878097,0,0,NA,30,3.768461538,2,"0,18",trim: cut to 30 cm,17.47419355,794.3640137,14.3000002,4.6739302,18.1697006,1638.219971,CAL
47,49,S49,RCCZO,Reynolds Creek CZO,Nicholas R. Patton,43.12611188,-116.7890521,43.12611188,-116.7890521,0,0,NA,30,2.805,2,"0,20,40,75",trim: cut to 30 cm,17.475,464.20401,14.3000002,11.5574999,11.6999998,1699.459961,CAL
48,50,S50,RCCZO,Reynolds Creek CZO,Nicholas R. Patton,43.12035214,-116.8005433,43.12035214,-116.8005433,0,0,NA,30,4.01,4,"0,5,10,20,30,42,56,73,82", ,18.28666667,421.1440125,23.7000008,9.4428902,11.6999998,1868.410034,CAL
49,51,S51,RCCZO,Reynolds Creek CZO,Nicholas R. Patton,43.12283706,-116.7981045,43.12283706,-116.7981045,0,0,NA,30,10.97,4,"0,5,10,20,30,67,95", ,18.48833333,929.177002,23.7000008,6.3752398,11.6999998,1819.599976,CAL
50,52,S52,RCCZO,Reynolds Creek CZO,Nicholas R. Patton,43.18051979,-116.7138797,43.18051979,-116.7138797,0,0,NA,30,1.595,4,"0,5.5,13,24,40,60",trim: loess approx to 30 cm,18.4965,-106.4889984,17.1450996,10.9786997,11.6999998,1358.089966,CAL
51,53,S53,RCCZO,Reynolds Creek CZO,Nicholas R. Patton,43.12387104,-116.7826147,43.12387104,-116.7826147,0,0,NA,30,9.55,4,"0,5,10,20,30,50,75", ,18.765,669.7550049,14.3000002,6.5927801,11.6999998,1568.859985,CAL
53,55,S55,RCCZO,Reynolds Creek CZO,Nicholas R. Patton,43.13058584,-116.7985533,43.13058584,-116.7985533,0,0,NA,30,5.07,4,"0,5,10,20,30,50,75,100", ,19.43166667,505.8349915,23.7000008,9.5736198,11.6999998,1799.709961,CAL
54,56,S56,RCCZO,Reynolds Creek CZO,Nicholas R. Patton,43.2284173,-116.7368159,43.2284173,-116.7368159,0,0,NA,30,1.083076923,4,"0,5,10,20,33,43,57,81,119,150,165,180,187,213",trim: loess approx to 30 cm,19.68212121,-98.3662033,22.1000004,11.1014004,0,1187.729981,CAL
55,57,S57,RCCZO,Reynolds Creek CZO,Nicholas R. Patton,43.12197197,-116.782117,43.12197197,-116.782117,0,0,NA,30,8.75,3,"0,10,20,30,50,75,100,125,150,175,200", ,20.20666667,1085.150024,14.3000002,7.7039499,11.6999998,1630.380005,CAL
56,58,S58,RCCZO,Reynolds Creek CZO,Nicholas R. Patton,43.13104556,-116.7960652,43.13104556,-116.7960652,0,0,NA,30,5.510588235,2,"0,25,42,75",trim: cut to 30 cm,20.72380952,238.9140015,14.3000002,10.5711002,11.6999998,1788.130005,CAL
57,59,S59,RCCZO,Reynolds Creek CZO,Nicholas R. Patton,43.12258624,-116.7849555,43.12258624,-116.7849555,0,0,NA,30,7.558709677,2,"0,10,72,150,175",trim: cut to 30 cm,20.75611111,876.6220093,14.3000002,5.9746599,11.6999998,1617.430054,OUT
5,6,S6,RCCZO,Reynolds Creek CZO,Nicholas R. Patton,43.12453364,-116.7860349,43.12453364,-116.7860349,0,0,NA,30,2.31,2,"0,15", ,10.38,336.6029968,14.3000002,12.2628002,11.6999998,1630.51001,CAL
58,60,S60,RCCZO,Reynolds Creek CZO,Nicholas R. Patton,43.12222251,-116.7817345,43.12222251,-116.7817345,0,0,NA,30,8.6,2,"0,15,45,85,125",trim: cut to 30 cm,20.97666667,873.6929932,14.3000002,6.2929001,11.6999998,1614.430054,OUT
61,63,S63,RCCZO,Reynolds Creek CZO,Nicholas R. Patton,43.0685844,-116.7588933,43.0685844,-116.7588933,0,0,NA,30,6.7,4,"0,5,10,20,30,50,70,90,105,122,NA", ,22.06333333,1276.380005,20.7000008,7.13276,37.5999985,2053,CAL
65,67,S67,RCCZO,Reynolds Creek CZO,Nicholas R. Patton,43.14459543,-116.73561,43.14459543,-116.73561,0,0,NA,30,3.6,4,"0,5,10,20,30,43,58,73,97", ,25.87,-38.8689995,29.3999996,10.0209999,11.6999998,1609.099976,CAL
66,68,S68,RCCZO,Reynolds Creek CZO,Nicholas R. Patton,43.1439637,-116.7353485,43.1439637,-116.7353485,0,0,NA,30,2.434545455,4,"0,5,10,20,31,48,62,80,101,125",trim: loess approx to 30 cm,26.38645161,-85.6993027,29.3999996,10.4624996,11.6999998,1618.25,CAL
6,7,S7,RCCZO,Reynolds Creek CZO,Nicholas R. Patton,43.12749278,-116.7897313,43.12749278,-116.7897313,0,0,NA,30,4.4,4,"0,5,10,20,30,50", ,10.49,347.6040039,10.5,11.1869001,11.6999998,1742.670044,CAL
68,70,S70,RCCZO,Reynolds Creek CZO,Nicholas R. Patton,43.16761023,-116.7130538,43.16761023,-116.7130538,0,0,NA,30,2.08,4,"0,5,10,20,30,62,74,103,135", ,33.69333333,-9.6191101,29.7000008,10.4895,11.6999998,1423.170044,CAL
70,72,S72,RCCZO,Reynolds Creek CZO,Nicholas R. Patton,43.14393712,-116.7367838,43.14393712,-116.7367838,0,0,NA,30,2.242857143,4,"0,5,10,20,34,43",trim: loess approx to 30 cm,38.65352941,-109.5830002,29.3999996,9.7494001,11.6999998,1613.670044,CAL
71,73,S73,RCCZO,Reynolds Creek CZO,Nicholas R. Patton,43.20024555,-116.7057467,43.20024555,-116.7057467,0,0,NA,30,1.98,4,"0,5,10,20",trim: loess approx to 30 cm,42.02777778,-243.8029938,29.7000008,9.2375498,11.6999998,1403.160034,CAL
72,74,S74,RCCZO,Reynolds Creek CZO,Nicholas R. Patton,43.12363069,-116.7967467,43.12363069,-116.7967467,0,0,NA,30,8.658695652,2,"0,16,39,70",trim: cut to 30 cm,55.82153846,375.5220032,23.7000008,9.3150396,11.6999998,1798.479981,OUT
8,9,S9,RCCZO,Reynolds Creek CZO,Nicholas R. Patton,43.12378073,-116.7876965,43.12378073,-116.7876965,0,0,NA,30,4.481666667,2,"0,5,35,85,110,125",trim: cut to 30 cm,10.69714286,1039.52002,14.3000002,11.8063002,11.6999998,1618.839966,CAL
9,10,S10,RCCZO,Reynolds Creek CZO,Mark S. Seyfried,43.12158715,-116.787974,43.12158715,-116.787974,0,0,NA,30,5.055471698,2,"0,5.5,32,57",trim: cut to 30 cm,10.77265625,689.4979858,14.3000002,7.6333899,11.6999998,1706.359985,CAL
22,24,S24,RCCZO,Reynolds Creek CZO,Mark S. Seyfried,43.12292115,-116.782785,43.12292115,-116.782785,0,0,NA,30,6.25,2,"0,15,33,55",trim: cut to 30 cm,12.32454545,704.7609863,14.3000002,6.47193,11.6999998,1613.089966,CAL
24,26,S26,RCCZO,Reynolds Creek CZO,Mark S. Seyfried,43.12187239,-116.785596,43.12187239,-116.785596,0,0,NA,30,10.22333333,3,"1,15,28,55,76",trim: loess approx to 30 cm,12.44527273,873.5079956,14.3000002,7.2474699,11.6999998,1658.540039,CAL
44,46,S46,RCCZO,Reynolds Creek CZO,Mark S. Seyfried,43.12231214,-116.779423,43.12231214,-116.779423,0,0,NA,30,8.7275,2,"0,20,60,105,150,175,200",trim: cut to 30 cm,17.39333333,656.2800293,14.3000002,8.4466105,11.6999998,1552.469971,OUT
4,5,S5,RCCZO,Reynolds Creek CZO,Mark S. Seyfried,43.12568301,-116.78562,43.12568301,-116.78562,0,0,NA,30,2.033333333,3,"0,6,20,35",trim: loess approx to 30 cm,10.04085714,422.1900024,14.3000002,11.7316999,11.6999998,1662.609985,CAL
59,61,S61,RCCZO,Reynolds Creek CZO,Mark S. Seyfried,43.125801,-116.782742,43.125801,-116.782742,0,0,NA,30,4.33,2,"0,17,30,49,65", ,21.21,340.9970093,14.3000002,12.2889004,11.6999998,1616.060059,CAL
60,62,S62,RCCZO,Reynolds Creek CZO,Mark S. Seyfried,43.12863212,-116.7968813,43.12863212,-116.7968813,0,0,NA,30,11.8125,2,"0,7,35,56,80",trim: cut to 30 cm,21.93,1463,20.3999996,10.8129997,22,1781.77002,CAL
63,65,S65,RCCZO,Reynolds Creek CZO,Mark S. Seyfried,43.12848567,-116.7966359,43.12848567,-116.7966359,0,0,NA,30,4.013333333,3,"0,7,25",trim: loess approx to 30 cm,22.69254545,1038.119995,20.3999996,10.9372997,14.7005997,1778.660034,CAL
7,8,S8,RCCZO,Reynolds Creek CZO,Mark S. Seyfried,43.12633701,-116.788065,43.12633701,-116.788065,0,0,NA,30,2.137142857,2,"0,12,33",trim: cut to 30 cm,10.56545455,304.9509888,14.3000002,12.3659,11.6999998,1707.550049,CAL
10,11,S11,RCCZO,Reynolds Creek CZO,Anna Radke,43.06685152,-116.7569076,43.06685152,-116.7569076,0,0,NA,30,11.2525,4,"0,6,9,29,33,42,55",trim: loess approx to 30 cm,10.7969697,1550.569946,20.5688,7.3241401,0,2060.189941,CAL
11,12,S12,RCCZO,Reynolds Creek CZO,Anna Radke,43.066713,-116.7573279,43.066713,-116.7573279,0,0,NA,30,7.29,3,"0,7,24,50,79",trim: loess approx to 30 cm,10.808,1238.099976,20.5,6.0113201,0,2066.110107,CAL
